2025-02-03 14:42:37,127 - Error connecting to MySQL: 2003 (HY000): Can't connect to MySQL server on 'localhost:3306' (10061)
2025-02-03 14:44:28,728 - Error connecting to MySQL: 2003 (HY000): Can't connect to MySQL server on 'localhost:3306' (10061)
2025-02-03 14:48:55,442 - Error connecting to MySQL: 2003 (HY000): Can't connect to MySQL server on 'localhost:3306' (10061)
2025-02-03 15:06:13,892 - Error connecting to MySQL: 2003 (HY000): Can't connect to MySQL server on 'localhost:3306' (10061)
2025-02-03 15:11:30,606 - Error connecting to MySQL: 2003 (HY000): Can't connect to MySQL server on 'localhost:3306' (10061)
2025-02-03 15:17:02,091 - Error connecting to MySQL: 2013 (HY000): Lost connection to MySQL server at 'reading initial communication packet', system error: 0
2025-02-03 15:23:26,643 - Connected to PostgreSQL database successfully.
2025-02-03 15:28:37,802 - Connected to PostgreSQL database successfully.
2025-02-03 15:32:44,815 - Stored detection for bus.jpg: Class 0, BBox (0.0419753, 0.660648, 0.0839506, 0.299074), Confidence 0.534942
2025-02-03 15:32:44,825 - Stored detection for bus.jpg: Class 5, BBox (0.508025, 0.468519, 0.983951, 0.524074), Confidence 0.849334
2025-02-03 15:32:44,826 - Stored detection for bus.jpg: Class 0, BBox (0.183333, 0.602778, 0.245679, 0.483333), Confidence 0.851563
2025-02-03 15:32:44,826 - Stored detection for bus.jpg: Class 0, BBox (0.35, 0.590278, 0.154321, 0.425), Confidence 0.870248
2025-02-03 15:32:44,826 - Stored detection for bus.jpg: Class 0, BBox (0.914815, 0.589352, 0.17037, 0.447222), Confidence 0.896172
2025-02-03 15:32:44,826 - Stored detection for DoctorsET_753.jpg: Class 0, BBox (0.759375, 0.179861, 0.13125, 0.298611), Confidence 0.327003
2025-02-03 15:32:44,826 - Stored detection for DoctorsET_753.jpg: Class 41, BBox (0.430469, 0.586806, 0.0296875, 0.0569444), Confidence 0.338297
2025-02-03 15:32:44,826 - Stored detection for DoctorsET_753.jpg: Class 56, BBox (0.0898438, 0.80625, 0.1375, 0.359722), Confidence 0.360313
2025-02-03 15:32:44,832 - Stored detection for DoctorsET_753.jpg: Class 56, BBox (0.686719, 0.813889, 0.1375, 0.369444), Confidence 0.435486
2025-02-03 15:32:44,834 - Stored detection for DoctorsET_753.jpg: Class 56, BBox (0.326172, 0.858333, 0.117969, 0.269444), Confidence 0.447736
2025-02-03 15:32:44,836 - Stored detection for DoctorsET_753.jpg: Class 0, BBox (0.380078, 0.247917, 0.139844, 0.456944), Confidence 0.470349
2025-02-03 15:32:44,837 - Stored detection for DoctorsET_753.jpg: Class 0, BBox (0.326562, 0.238194, 0.1375, 0.459722), Confidence 0.4708
2025-02-03 15:32:44,840 - Stored detection for DoctorsET_753.jpg: Class 0, BBox (0.623438, 0.110417, 0.128125, 0.215278), Confidence 0.547735
2025-02-03 15:32:44,841 - Stored detection for DoctorsET_753.jpg: Class 0, BBox (0.271484, 0.660417, 0.124219, 0.659722), Confidence 0.664415
2025-02-03 15:32:44,842 - Stored detection for DoctorsET_753.jpg: Class 0, BBox (0.566406, 0.369444, 0.429688, 0.522222), Confidence 0.725626
2025-02-03 15:32:44,843 - Stored detection for DoctorsET_753.jpg: Class 41, BBox (0.539453, 0.589583, 0.0273438, 0.0625), Confidence 0.756377
2025-02-03 15:32:44,844 - Stored detection for DoctorsET_753.jpg: Class 0, BBox (0.170703, 0.636111, 0.119531, 0.713889), Confidence 0.858652
2025-02-03 15:32:44,844 - Stored detection for DoctorsET_753.jpg: Class 0, BBox (0.796875, 0.6375, 0.1125, 0.7), Confidence 0.921846
2025-02-03 15:32:44,846 - Stored detection for DoctorsET_754.jpg: Class 74, BBox (0.434766, 0.519444, 0.417969, 0.95), Confidence 0.896011
2025-02-03 15:32:44,847 - Stored detection for DoctorsET_755.jpg: Class 27, BBox (0.599219, 0.697917, 0.0734375, 0.2375), Confidence 0.34652
2025-02-03 15:32:44,848 - Stored detection for DoctorsET_755.jpg: Class 67, BBox (0.598437, 0.696528, 0.075, 0.234722), Confidence 0.406315
2025-02-03 15:32:44,849 - Stored detection for DoctorsET_755.jpg: Class 41, BBox (0.0121094, 0.835417, 0.0242187, 0.145833), Confidence 0.497375
2025-02-03 15:32:44,849 - Stored detection for DoctorsET_755.jpg: Class 0, BBox (0.0535156, 0.711111, 0.107031, 0.416667), Confidence 0.734792
2025-02-03 15:32:44,849 - Stored detection for DoctorsET_755.jpg: Class 41, BBox (0.163672, 0.818056, 0.139844, 0.169444), Confidence 0.751956
2025-02-03 15:32:44,849 - Stored detection for DoctorsET_755.jpg: Class 0, BBox (0.671875, 0.532639, 0.385938, 0.934722), Confidence 0.948321
2025-02-03 15:32:44,849 - Stored detection for DoctorsET_756.jpg: Class 41, BBox (0.504687, 0.61875, 0.028125, 0.0652778), Confidence 0.257896
2025-02-03 15:32:44,849 - Stored detection for DoctorsET_756.jpg: Class 56, BBox (0.141016, 0.814583, 0.200781, 0.354167), Confidence 0.266054
2025-02-03 15:32:44,849 - Stored detection for DoctorsET_756.jpg: Class 27, BBox (0.155078, 0.592361, 0.0398437, 0.179167), Confidence 0.419285
2025-02-03 15:32:44,849 - Stored detection for DoctorsET_756.jpg: Class 41, BBox (0.467578, 0.619444, 0.0320312, 0.0694444), Confidence 0.514248
2025-02-03 15:32:44,849 - Stored detection for DoctorsET_756.jpg: Class 41, BBox (0.578516, 0.623611, 0.0367187, 0.0694444), Confidence 0.721348
2025-02-03 15:32:44,849 - Stored detection for DoctorsET_756.jpg: Class 0, BBox (0.199219, 0.655556, 0.275, 0.675), Confidence 0.864172
2025-02-03 15:32:44,849 - Stored detection for DoctorsET_756.jpg: Class 0, BBox (0.373437, 0.660417, 0.215625, 0.670833), Confidence 0.910708
2025-02-03 15:32:44,849 - Stored detection for DoctorsET_756.jpg: Class 0, BBox (0.699609, 0.646528, 0.203906, 0.684722), Confidence 0.91266
2025-02-03 15:32:44,849 - Stored detection for DoctorsET_759.jpg: Class 0, BBox (0.203516, 0.800694, 0.111719, 0.390278), Confidence 0.766329
2025-02-03 15:32:44,849 - Stored detection for DoctorsET_759.jpg: Class 0, BBox (0.266016, 0.799306, 0.122656, 0.401389), Confidence 0.86831
2025-02-03 15:32:44,849 - Stored detection for DoctorsET_759.jpg: Class 0, BBox (0.110156, 0.790278, 0.159375, 0.416667), Confidence 0.888495
2025-02-03 15:32:44,849 - Stored detection for DoctorsET_759.jpg: Class 0, BBox (0.796484, 0.465278, 0.266406, 0.658333), Confidence 0.910182
2025-02-03 15:32:44,865 - Stored detection for DoctorsET_760.jpg: Class 74, BBox (0.434766, 0.519444, 0.417969, 0.95), Confidence 0.896011
2025-02-03 15:32:44,866 - Stored detection for DoctorsET_761.jpg: Class 0, BBox (0.840234, 0.563889, 0.316406, 0.861111), Confidence 0.915294
2025-02-03 15:32:44,867 - Stored detection for DoctorsET_762.jpg: Class 41, BBox (0.592969, 0.607639, 0.03125, 0.0597222), Confidence 0.431038
2025-02-03 15:32:44,868 - Stored detection for DoctorsET_762.jpg: Class 0, BBox (0.849609, 0.629167, 0.135156, 0.694444), Confidence 0.518816
2025-02-03 15:32:44,869 - Stored detection for DoctorsET_762.jpg: Class 0, BBox (0.209766, 0.563194, 0.105469, 0.426389), Confidence 0.832725
2025-02-03 15:32:44,870 - Stored detection for DoctorsET_762.jpg: Class 0, BBox (0.714844, 0.665972, 0.1625, 0.659722), Confidence 0.871119
2025-02-03 15:32:44,871 - Stored detection for DoctorsET_763.jpg: Class 56, BBox (0.517578, 0.853472, 0.258594, 0.2875), Confidence 0.275758
2025-02-03 15:32:44,872 - Stored detection for DoctorsET_763.jpg: Class 41, BBox (0.117969, 0.716667, 0.0546875, 0.111111), Confidence 0.367519
2025-02-03 15:32:44,872 - Stored detection for DoctorsET_763.jpg: Class 41, BBox (0.378125, 0.710417, 0.05, 0.1125), Confidence 0.76513
2025-02-03 15:32:44,872 - Stored detection for DoctorsET_763.jpg: Class 0, BBox (0.248047, 0.614583, 0.177344, 0.751389), Confidence 0.853092
2025-02-03 15:32:44,872 - Stored detection for DoctorsET_764.jpg: Class 38, BBox (0.308203, 0.331944, 0.147656, 0.547222), Confidence 0.321969
2025-02-03 15:32:44,872 - Stored detection for DoctorsET_764.jpg: Class 0, BBox (0.660937, 0.590278, 0.359375, 0.808333), Confidence 0.94093
2025-02-03 15:32:44,872 - Stored detection for DoctorsET_766.jpg: Class 26, BBox (0.811328, 0.640972, 0.0992187, 0.109722), Confidence 0.463296
2025-02-03 15:32:44,872 - Stored detection for DoctorsET_766.jpg: Class 0, BBox (0.864062, 0.672222, 0.110937, 0.655556), Confidence 0.739711
2025-02-03 15:32:44,872 - Stored detection for DoctorsET_766.jpg: Class 0, BBox (0.291406, 0.677778, 0.09375, 0.630556), Confidence 0.858867
2025-02-03 15:32:44,872 - Stored detection for DoctorsET_767.jpg: Class 74, BBox (0.434766, 0.519444, 0.417969, 0.95), Confidence 0.896011
2025-02-03 15:32:44,872 - Stored detection for DoctorsET_768.jpg: Class 41, BBox (0.985937, 0.766667, 0.028125, 0.211111), Confidence 0.456311
2025-02-03 15:32:44,872 - Stored detection for DoctorsET_768.jpg: Class 27, BBox (0.721094, 0.511806, 0.0375, 0.1625), Confidence 0.487465
2025-02-03 15:32:44,872 - Stored detection for DoctorsET_768.jpg: Class 27, BBox (0.283594, 0.486111, 0.0390625, 0.208333), Confidence 0.665224
2025-02-03 15:32:44,872 - Stored detection for DoctorsET_768.jpg: Class 0, BBox (0.75625, 0.494444, 0.260938, 0.766667), Confidence 0.784248
2025-02-03 15:32:44,872 - Stored detection for DoctorsET_768.jpg: Class 0, BBox (0.287109, 0.528472, 0.313281, 0.915278), Confidence 0.90514
2025-02-03 15:32:44,882 - Stored detection for DoctorsET_769.jpg: Class 41, BBox (0.339453, 0.738889, 0.0820312, 0.119444), Confidence 0.441283
2025-02-03 15:32:44,882 - Stored detection for DoctorsET_769.jpg: Class 0, BBox (0.886719, 0.590972, 0.19375, 0.818056), Confidence 0.832762
2025-02-03 15:32:44,883 - Stored detection for DoctorsET_769.jpg: Class 0, BBox (0.526172, 0.539583, 0.292969, 0.890278), Confidence 0.929398
2025-02-03 15:32:44,884 - Stored detection for DoctorsET_770.jpg: Class 0, BBox (0.562109, 0.411806, 0.124219, 0.229167), Confidence 0.309265
2025-02-03 15:32:44,884 - Stored detection for DoctorsET_770.jpg: Class 41, BBox (0.470313, 0.454861, 0.0234375, 0.0458333), Confidence 0.341589
2025-02-03 15:32:44,885 - Stored detection for DoctorsET_770.jpg: Class 0, BBox (0.403906, 0.645139, 0.185937, 0.709722), Confidence 0.349199
2025-02-03 15:32:44,885 - Stored detection for DoctorsET_770.jpg: Class 41, BBox (0.516797, 0.454167, 0.0304688, 0.0611111), Confidence 0.400631
2025-02-03 15:32:44,886 - Stored detection for DoctorsET_770.jpg: Class 56, BBox (0.188281, 0.823611, 0.126563, 0.338889), Confidence 0.423458
2025-02-03 15:32:44,886 - Stored detection for DoctorsET_770.jpg: Class 0, BBox (0.707031, 0.530556, 0.084375, 0.488889), Confidence 0.49178
2025-02-03 15:32:44,887 - Stored detection for DoctorsET_770.jpg: Class 62, BBox (0.0183594, 0.702083, 0.0367187, 0.326389), Confidence 0.639445
2025-02-03 15:32:44,887 - Stored detection for DoctorsET_770.jpg: Class 0, BBox (0.791406, 0.604861, 0.08125, 0.640278), Confidence 0.818941
2025-02-03 15:32:44,887 - Stored detection for DoctorsET_770.jpg: Class 0, BBox (0.297656, 0.604167, 0.0828125, 0.622222), Confidence 0.825391
2025-02-03 15:32:44,887 - Stored detection for DoctorsET_771.jpg: Class 41, BBox (0.264844, 0.742361, 0.0578125, 0.143056), Confidence 0.516615
2025-02-03 15:32:44,887 - Stored detection for DoctorsET_771.jpg: Class 41, BBox (0.0527344, 0.748611, 0.0664062, 0.133333), Confidence 0.55725
2025-02-03 15:32:44,887 - Stored detection for DoctorsET_771.jpg: Class 41, BBox (0.478125, 0.723611, 0.0671875, 0.133333), Confidence 0.732878
2025-02-03 15:32:44,887 - Stored detection for DoctorsET_771.jpg: Class 27, BBox (0.505469, 0.492361, 0.053125, 0.198611), Confidence 0.73562
2025-02-03 15:32:44,887 - Stored detection for DoctorsET_771.jpg: Class 0, BBox (0.512891, 0.535417, 0.267969, 0.868056), Confidence 0.862609
2025-02-03 15:32:44,887 - Stored detection for DoctorsET_771.jpg: Class 0, BBox (0.839453, 0.574306, 0.202344, 0.834722), Confidence 0.909615
2025-02-03 15:32:44,887 - Stored detection for DoctorsET_772.jpg: Class 0, BBox (0.348437, 0.516667, 0.390625, 0.966667), Confidence 0.896541
2025-02-03 15:32:44,887 - Stored detection for DoctorsET_772.jpg: Class 0, BBox (0.821094, 0.559028, 0.234375, 0.851389), Confidence 0.919637
2025-02-03 15:32:44,887 - Stored detection for DoctorsET_773.jpg: Class 56, BBox (0.449609, 0.782639, 0.142969, 0.431944), Confidence 0.310762
2025-02-03 15:32:44,887 - Stored detection for DoctorsET_773.jpg: Class 27, BBox (0.851172, 0.46875, 0.0367187, 0.118056), Confidence 0.40673
2025-02-03 15:32:44,887 - Stored detection for DoctorsET_773.jpg: Class 0, BBox (0.269922, 0.645833, 0.0914062, 0.586111), Confidence 0.475385
2025-02-03 15:32:44,887 - Stored detection for DoctorsET_773.jpg: Class 56, BBox (0.264844, 0.791667, 0.120312, 0.408333), Confidence 0.57297
2025-02-03 15:32:44,887 - Stored detection for DoctorsET_773.jpg: Class 56, BBox (0.735547, 0.84375, 0.121094, 0.301389), Confidence 0.750147
2025-02-03 15:32:44,887 - Stored detection for DoctorsET_773.jpg: Class 56, BBox (0.617578, 0.763889, 0.121094, 0.466667), Confidence 0.752985
2025-02-03 15:32:44,899 - Stored detection for DoctorsET_773.jpg: Class 0, BBox (0.853516, 0.642361, 0.132031, 0.656944), Confidence 0.809594
2025-02-03 15:32:44,899 - Stored detection for DoctorsET_773.jpg: Class 0, BBox (0.946094, 0.661806, 0.103125, 0.6625), Confidence 0.866188
2025-02-03 15:32:44,899 - Stored detection for DoctorsET_774.jpg: Class 45, BBox (0.70625, 0.846409, 0.178125, 0.249724), Confidence 0.440615
2025-02-03 15:32:44,899 - Stored detection for DoctorsET_774.jpg: Class 0, BBox (0.287109, 0.339779, 0.288281, 0.653039), Confidence 0.484892
2025-02-03 15:32:44,899 - Stored detection for DoctorsET_774.jpg: Class 0, BBox (0.298047, 0.703315, 0.160156, 0.235359), Confidence 0.608026
2025-02-03 15:32:44,899 - Stored detection for DoctorsET_774.jpg: Class 0, BBox (0.912109, 0.796133, 0.161719, 0.21989), Confidence 0.770557
2025-02-03 15:32:44,899 - Stored detection for DoctorsET_776.jpg: Class 24, BBox (0.0222656, 0.770139, 0.0445312, 0.245833), Confidence 0.396314
2025-02-03 15:32:44,899 - Stored detection for DoctorsET_776.jpg: Class 41, BBox (0.524219, 0.467361, 0.01875, 0.0486111), Confidence 0.424827
2025-02-03 15:32:44,899 - Stored detection for DoctorsET_776.jpg: Class 41, BBox (0.590234, 0.46875, 0.0242187, 0.0486111), Confidence 0.558811
2025-02-03 15:32:44,899 - Stored detection for DoctorsET_776.jpg: Class 56, BBox (0.592578, 0.775, 0.136719, 0.425), Confidence 0.589724
2025-02-03 15:32:44,899 - Stored detection for DoctorsET_776.jpg: Class 56, BBox (0.773047, 0.829167, 0.146094, 0.336111), Confidence 0.623683
2025-02-03 15:32:44,899 - Stored detection for DoctorsET_776.jpg: Class 0, BBox (0.541406, 0.304861, 0.1, 0.376389), Confidence 0.641301
2025-02-03 15:32:44,899 - Stored detection for DoctorsET_776.jpg: Class 56, BBox (0.236328, 0.754861, 0.177344, 0.470833), Confidence 0.694829
2025-02-03 15:32:44,899 - Stored detection for DoctorsET_776.jpg: Class 0, BBox (0.603906, 0.563889, 0.1375, 0.613889), Confidence 0.731294
2025-02-03 15:32:44,899 - Stored detection for DoctorsET_776.jpg: Class 0, BBox (0.432813, 0.25, 0.182812, 0.5), Confidence 0.739238
2025-02-03 15:32:44,899 - Stored detection for DoctorsET_776.jpg: Class 0, BBox (0.243359, 0.570833, 0.199219, 0.733333), Confidence 0.872034
2025-02-03 15:32:44,899 - Stored detection for DoctorsET_776.jpg: Class 0, BBox (0.764063, 0.570139, 0.178125, 0.690278), Confidence 0.902933
2025-02-03 15:32:44,899 - Stored detection for DoctorsET_777.jpg: Class 41, BBox (0.523047, 0.465278, 0.0226563, 0.05), Confidence 0.337215
2025-02-03 15:32:44,899 - Stored detection for DoctorsET_777.jpg: Class 56, BBox (0.588281, 0.761806, 0.175, 0.465278), Confidence 0.360112
2025-02-03 15:32:44,899 - Stored detection for DoctorsET_777.jpg: Class 56, BBox (0.774609, 0.797917, 0.174219, 0.398611), Confidence 0.510376
2025-02-03 15:32:44,899 - Stored detection for DoctorsET_777.jpg: Class 56, BBox (0.210547, 0.814583, 0.142969, 0.370833), Confidence 0.579552
2025-02-03 15:32:44,899 - Stored detection for DoctorsET_777.jpg: Class 41, BBox (0.269141, 0.5625, 0.0460938, 0.0833333), Confidence 0.612074
2025-02-03 15:32:44,899 - Stored detection for DoctorsET_777.jpg: Class 0, BBox (0.605469, 0.569444, 0.148438, 0.658333), Confidence 0.818832
2025-02-03 15:32:44,899 - Stored detection for DoctorsET_777.jpg: Class 0, BBox (0.779297, 0.5625, 0.194531, 0.688889), Confidence 0.865927
2025-02-03 15:32:44,899 - Stored detection for DoctorsET_777.jpg: Class 0, BBox (0.230469, 0.580556, 0.229687, 0.727778), Confidence 0.877739
2025-02-03 15:32:44,899 - Stored detection for DoctorsET_778.jpg: Class 56, BBox (0.735937, 0.789583, 0.117188, 0.365278), Confidence 0.278616
2025-02-03 15:32:44,899 - Stored detection for DoctorsET_778.jpg: Class 62, BBox (0.191406, 0.122222, 0.114063, 0.219444), Confidence 0.301157
2025-02-03 15:32:44,899 - Stored detection for DoctorsET_778.jpg: Class 62, BBox (0.034375, 0.699306, 0.0671875, 0.340278), Confidence 0.314636
2025-02-03 15:32:44,915 - Stored detection for DoctorsET_778.jpg: Class 56, BBox (0.596094, 0.728472, 0.1, 0.426389), Confidence 0.397192
2025-02-03 15:32:44,915 - Stored detection for DoctorsET_778.jpg: Class 26, BBox (0.776172, 0.53125, 0.0664062, 0.0986111), Confidence 0.404224
2025-02-03 15:32:44,916 - Stored detection for DoctorsET_778.jpg: Class 60, BBox (0.533203, 0.731944, 0.196094, 0.511111), Confidence 0.416171
2025-02-03 15:32:44,916 - Stored detection for DoctorsET_778.jpg: Class 56, BBox (0.258594, 0.796528, 0.115625, 0.376389), Confidence 0.568109
2025-02-03 15:32:44,916 - Stored detection for DoctorsET_778.jpg: Class 0, BBox (0.728125, 0.580556, 0.096875, 0.566667), Confidence 0.805047
2025-02-03 15:32:44,916 - Stored detection for DoctorsET_778.jpg: Class 0, BBox (0.820312, 0.595139, 0.09375, 0.615278), Confidence 0.832825
2025-02-03 15:32:44,916 - Stored detection for DoctorsET_778.jpg: Class 0, BBox (0.125781, 0.588194, 0.117188, 0.645833), Confidence 0.921458
2025-02-03 15:32:44,916 - Stored detection for DoctorsET_783.jpg: Class 41, BBox (0.275391, 0.718056, 0.0460938, 0.111111), Confidence 0.691073
2025-02-03 15:32:44,916 - Stored detection for DoctorsET_783.jpg: Class 41, BBox (0.476953, 0.713194, 0.0570313, 0.101389), Confidence 0.76744
2025-02-03 15:32:44,916 - Stored detection for DoctorsET_783.jpg: Class 0, BBox (0.315625, 0.56875, 0.36875, 0.859722), Confidence 0.822479
2025-02-03 15:32:44,916 - Stored detection for DoctorsET_783.jpg: Class 0, BBox (0.828125, 0.598611, 0.221875, 0.794444), Confidence 0.943468
2025-02-03 15:32:44,916 - Stored detection for DoctorsET_784.jpg: Class 62, BBox (0.0191406, 0.777083, 0.0382813, 0.320833), Confidence 0.379303
2025-02-03 15:32:44,916 - Stored detection for DoctorsET_784.jpg: Class 0, BBox (0.766406, 0.645833, 0.117188, 0.705556), Confidence 0.868386
2025-02-03 15:32:44,916 - Stored detection for DoctorsET_784.jpg: Class 0, BBox (0.585938, 0.638194, 0.121875, 0.720833), Confidence 0.872987
2025-02-03 15:32:44,916 - Stored detection for DoctorsET_784.jpg: Class 0, BBox (0.294922, 0.665278, 0.0976562, 0.65), Confidence 0.899677
2025-02-03 15:32:44,916 - Stored detection for DoctorsET_784.jpg: Class 0, BBox (0.168359, 0.658333, 0.102344, 0.669444), Confidence 0.906359
2025-02-03 15:32:44,916 - Stored detection for DoctorsET_785.jpg: Class 27, BBox (0.337891, 0.622222, 0.0460938, 0.175), Confidence 0.364767
2025-02-03 15:32:44,916 - Stored detection for DoctorsET_785.jpg: Class 56, BBox (0.880469, 0.945833, 0.235938, 0.102778), Confidence 0.597558
2025-02-03 15:32:44,916 - Stored detection for DoctorsET_785.jpg: Class 41, BBox (0.242969, 0.889583, 0.0546875, 0.140278), Confidence 0.663219
2025-02-03 15:32:44,916 - Stored detection for DoctorsET_785.jpg: Class 0, BBox (0.305859, 0.604167, 0.332031, 0.711111), Confidence 0.837728
2025-02-03 15:32:44,916 - Stored detection for DoctorsET_785.jpg: Class 41, BBox (0.571094, 0.871528, 0.090625, 0.134722), Confidence 0.865951
2025-02-03 15:32:44,916 - Stored detection for DoctorsET_785.jpg: Class 0, BBox (0.785937, 0.573611, 0.25, 0.813889), Confidence 0.912141
2025-02-03 15:32:44,916 - Stored detection for DoctorsET_786.jpg: Class 0, BBox (0.380859, 0.459028, 0.0929687, 0.176389), Confidence 0.277133
2025-02-03 15:32:44,916 - Stored detection for DoctorsET_786.jpg: Class 60, BBox (0.167187, 0.821528, 0.135937, 0.351389), Confidence 0.325927
2025-02-03 15:32:44,916 - Stored detection for DoctorsET_786.jpg: Class 41, BBox (0.477344, 0.518056, 0.025, 0.0416667), Confidence 0.331364
2025-02-03 15:32:44,916 - Stored detection for DoctorsET_786.jpg: Class 60, BBox (0.428516, 0.761111, 0.174219, 0.469444), Confidence 0.347126
2025-02-03 15:32:44,916 - Stored detection for DoctorsET_786.jpg: Class 56, BBox (0.324609, 0.777778, 0.121094, 0.436111), Confidence 0.433764
2025-02-03 15:32:44,916 - Stored detection for DoctorsET_786.jpg: Class 0, BBox (0.74375, 0.55625, 0.09375, 0.568056), Confidence 0.497983
2025-02-03 15:32:44,916 - Stored detection for DoctorsET_786.jpg: Class 0, BBox (0.308984, 0.521528, 0.0867188, 0.381944), Confidence 0.519308
2025-02-03 15:32:44,916 - Stored detection for DoctorsET_786.jpg: Class 0, BBox (0.214453, 0.634722, 0.0882813, 0.641667), Confidence 0.62666
2025-02-03 15:32:44,916 - Stored detection for DoctorsET_786.jpg: Class 56, BBox (0.160156, 0.783333, 0.134375, 0.422222), Confidence 0.6469
2025-02-03 15:32:44,916 - Stored detection for DoctorsET_786.jpg: Class 56, BBox (0.628125, 0.829167, 0.114063, 0.330556), Confidence 0.716693
2025-02-03 15:32:44,916 - Stored detection for DoctorsET_786.jpg: Class 0, BBox (0.835156, 0.611111, 0.117188, 0.738889), Confidence 0.890337
2025-02-03 15:32:44,932 - Stored detection for DoctorsET_787.jpg: Class 74, BBox (0.434766, 0.519444, 0.417969, 0.95), Confidence 0.896011
2025-02-03 15:32:44,933 - Stored detection for DoctorsET_788.jpg: Class 0, BBox (0.5525, 0.508135, 0.7325, 0.956195), Confidence 0.538362
2025-02-03 15:32:44,934 - Stored detection for DoctorsET_788.jpg: Class 27, BBox (0.51125, 0.610763, 0.105, 0.157697), Confidence 0.728207
2025-02-03 15:32:44,935 - Stored detection for DoctorsET_791.jpg: Class 41, BBox (0.550781, 0.466667, 0.0203125, 0.05), Confidence 0.264017
2025-02-03 15:32:44,935 - Stored detection for DoctorsET_791.jpg: Class 56, BBox (0.801953, 0.740278, 0.144531, 0.505556), Confidence 0.557523
2025-02-03 15:32:44,935 - Stored detection for DoctorsET_791.jpg: Class 0, BBox (0.626953, 0.566667, 0.174219, 0.716667), Confidence 0.652089
2025-02-03 15:32:44,935 - Stored detection for DoctorsET_791.jpg: Class 56, BBox (0.216797, 0.750694, 0.186719, 0.470833), Confidence 0.673693
2025-02-03 15:32:44,935 - Stored detection for DoctorsET_791.jpg: Class 0, BBox (0.761719, 0.577778, 0.203125, 0.763889), Confidence 0.848885
2025-02-03 15:32:44,935 - Stored detection for DoctorsET_791.jpg: Class 0, BBox (0.220313, 0.586111, 0.204688, 0.761111), Confidence 0.891055
2025-02-03 15:32:44,935 - Stored detection for DoctorsET_792.jpg: Class 0, BBox (0.325781, 0.441667, 0.445312, 0.816667), Confidence 0.792271
2025-02-03 15:32:44,935 - Stored detection for DoctorsET_792.jpg: Class 0, BBox (0.842969, 0.540278, 0.257812, 0.919444), Confidence 0.832469
2025-02-03 15:32:44,935 - Stored detection for DoctorsET_793.jpg: Class 41, BBox (0.401563, 0.851389, 0.0578125, 0.144444), Confidence 0.737661
2025-02-03 15:32:44,935 - Stored detection for DoctorsET_793.jpg: Class 41, BBox (0.259766, 0.853472, 0.0554687, 0.151389), Confidence 0.752506
2025-02-03 15:32:44,935 - Stored detection for DoctorsET_793.jpg: Class 0, BBox (0.402734, 0.638889, 0.253906, 0.663889), Confidence 0.795399
2025-02-03 15:32:44,935 - Stored detection for DoctorsET_793.jpg: Class 0, BBox (0.799219, 0.567361, 0.290625, 0.823611), Confidence 0.922577
2025-02-03 15:32:44,935 - Stored detection for DoctorsET_794.jpg: Class 0, BBox (0.318359, 0.533333, 0.283594, 0.933333), Confidence 0.457338
2025-02-03 15:32:44,935 - Stored detection for DoctorsET_795.jpg: Class 0, BBox (0.392578, 0.290278, 0.182031, 0.452778), Confidence 0.271706
2025-02-03 15:32:44,935 - Stored detection for DoctorsET_795.jpg: Class 24, BBox (0.0152344, 0.798611, 0.0304688, 0.191667), Confidence 0.294877
2025-02-03 15:32:44,935 - Stored detection for DoctorsET_795.jpg: Class 56, BBox (0.615625, 0.802778, 0.114063, 0.372222), Confidence 0.298694
2025-02-03 15:32:44,935 - Stored detection for DoctorsET_795.jpg: Class 60, BBox (0.795703, 0.820139, 0.142969, 0.356944), Confidence 0.41213
2025-02-03 15:32:44,935 - Stored detection for DoctorsET_795.jpg: Class 56, BBox (0.796094, 0.822917, 0.146875, 0.345833), Confidence 0.640342
2025-02-03 15:32:44,935 - Stored detection for DoctorsET_795.jpg: Class 56, BBox (0.2125, 0.821528, 0.129688, 0.345833), Confidence 0.643117
2025-02-03 15:32:44,935 - Stored detection for DoctorsET_795.jpg: Class 0, BBox (0.1625, 0.581944, 0.14375, 0.744444), Confidence 0.759914
2025-02-03 15:32:44,935 - Stored detection for DoctorsET_795.jpg: Class 0, BBox (0.915234, 0.588194, 0.152344, 0.809722), Confidence 0.85931
2025-02-03 15:32:44,935 - Stored detection for DoctorsET_796.jpg: Class 74, BBox (0.434766, 0.519444, 0.417969, 0.95), Confidence 0.896011
2025-02-03 15:32:44,935 - Stored detection for DoctorsET_798.jpg: Class 74, BBox (0.434766, 0.519444, 0.417969, 0.95), Confidence 0.896011
2025-02-03 15:32:44,949 - Stored detection for DoctorsET_799.jpg: Class 0, BBox (0.479297, 0.489583, 0.863281, 0.931944), Confidence 0.483911
2025-02-03 15:32:44,949 - Stored detection for DoctorsET_800.jpg: Class 41, BBox (0.575, 0.877083, 0.129688, 0.2125), Confidence 0.679705
2025-02-03 15:32:44,949 - Stored detection for DoctorsET_800.jpg: Class 0, BBox (0.440625, 0.501389, 0.389062, 0.95), Confidence 0.897224
2025-02-03 15:32:44,949 - Stored detection for DoctorsET_800.jpg: Class 41, BBox (0.820312, 0.89375, 0.146875, 0.201389), Confidence 0.919741
2025-02-03 15:32:44,949 - Stored detection for DoctorsET_801.jpg: Class 0, BBox (0.0121094, 0.883333, 0.0242187, 0.227778), Confidence 0.288748
2025-02-03 15:32:44,949 - Stored detection for DoctorsET_801.jpg: Class 41, BBox (0.518359, 0.786111, 0.0929687, 0.172222), Confidence 0.542018
2025-02-03 15:32:44,949 - Stored detection for DoctorsET_801.jpg: Class 41, BBox (0.354297, 0.791667, 0.0804688, 0.180556), Confidence 0.60612
2025-02-03 15:32:44,949 - Stored detection for DoctorsET_801.jpg: Class 41, BBox (0.716797, 0.80625, 0.0804688, 0.170833), Confidence 0.774208
2025-02-03 15:32:44,949 - Stored detection for DoctorsET_801.jpg: Class 0, BBox (0.439453, 0.532639, 0.399219, 0.9125), Confidence 0.921634
2025-02-03 15:32:44,949 - Stored detection for DoctorsET_802.jpg: Class 56, BBox (0.104297, 0.742361, 0.114844, 0.459722), Confidence 0.361425
2025-02-03 15:32:44,949 - Stored detection for DoctorsET_802.jpg: Class 56, BBox (0.311328, 0.832639, 0.127344, 0.329167), Confidence 0.437286
2025-02-03 15:32:44,949 - Stored detection for DoctorsET_802.jpg: Class 56, BBox (0.734375, 0.754861, 0.157813, 0.4625), Confidence 0.677578
2025-02-03 15:32:44,949 - Stored detection for DoctorsET_802.jpg: Class 0, BBox (0.148047, 0.604167, 0.196094, 0.736111), Confidence 0.850557
2025-02-03 15:32:44,949 - Stored detection for DoctorsET_802.jpg: Class 0, BBox (0.328125, 0.592361, 0.171875, 0.701389), Confidence 0.870298
2025-02-03 15:32:44,949 - Stored detection for DoctorsET_802.jpg: Class 0, BBox (0.713281, 0.58125, 0.2125, 0.740278), Confidence 0.892021
2025-02-03 15:32:44,949 - Stored detection for DoctorsET_807.jpg: Class 2, BBox (0.911328, 0.850588, 0.175781, 0.235294), Confidence 0.527799
2025-02-03 15:32:44,949 - Stored detection for DoctorsET_807.jpg: Class 2, BBox (0.759766, 0.874118, 0.360156, 0.232941), Confidence 0.59159
2025-02-03 15:32:44,949 - Stored detection for DoctorsET_807.jpg: Class 0, BBox (0.8375, 0.901765, 0.0765625, 0.184706), Confidence 0.761748
2025-02-03 15:32:44,949 - Stored detection for DoctorsET_808.jpg: Class 45, BBox (0.70625, 0.846409, 0.178125, 0.249724), Confidence 0.440615
2025-02-03 15:32:44,949 - Stored detection for DoctorsET_808.jpg: Class 0, BBox (0.287109, 0.339779, 0.288281, 0.653039), Confidence 0.484892
2025-02-03 15:32:44,949 - Stored detection for DoctorsET_808.jpg: Class 0, BBox (0.298047, 0.703315, 0.160156, 0.235359), Confidence 0.608026
2025-02-03 15:32:44,949 - Stored detection for DoctorsET_808.jpg: Class 0, BBox (0.912109, 0.796133, 0.161719, 0.21989), Confidence 0.770557
2025-02-03 15:32:44,949 - Stored detection for DoctorsET_809.jpg: Class 27, BBox (0.792593, 0.185972, 0.0277778, 0.0722635), Confidence 0.531381
2025-02-03 15:32:44,949 - Stored detection for DoctorsET_809.jpg: Class 27, BBox (0.408796, 0.926674, 0.037963, 0.108395), Confidence 0.757427
2025-02-03 15:32:44,949 - Stored detection for DoctorsET_809.jpg: Class 27, BBox (0.588426, 0.928268, 0.0231481, 0.105207), Confidence 0.826193
2025-02-03 15:32:44,949 - Stored detection for DoctorsET_809.jpg: Class 0, BBox (0.504167, 0.302338, 0.149074, 0.407014), Confidence 0.840618
2025-02-03 15:32:44,949 - Stored detection for DoctorsET_809.jpg: Class 0, BBox (0.364352, 0.283209, 0.149074, 0.453773), Confidence 0.863795
2025-02-03 15:32:44,949 - Stored detection for DoctorsET_809.jpg: Class 0, BBox (0.222685, 0.317216, 0.15463, 0.368757), Confidence 0.880246
2025-02-03 15:32:44,949 - Stored detection for DoctorsET_809.jpg: Class 0, BBox (0.634259, 0.297024, 0.142593, 0.417641), Confidence 0.893186
2025-02-03 15:32:44,949 - Stored detection for DoctorsET_809.jpg: Class 0, BBox (0.921759, 0.273645, 0.15463, 0.460149), Confidence 0.903412
2025-02-03 15:32:44,965 - Stored detection for DoctorsET_809.jpg: Class 0, BBox (0.0796296, 0.285866, 0.157407, 0.431456), Confidence 0.9057
2025-02-03 15:32:44,965 - Stored detection for DoctorsET_809.jpg: Class 0, BBox (0.775463, 0.281084, 0.15463, 0.447396), Confidence 0.923801
2025-02-03 15:32:44,965 - Stored detection for DoctorsET_809.jpg: Class 0, BBox (0.383796, 0.854942, 0.206481, 0.247609), Confidence 0.924904
2025-02-03 15:32:44,966 - Stored detection for DoctorsET_809.jpg: Class 0, BBox (0.165741, 0.844315, 0.290741, 0.268863), Confidence 0.927239
2025-02-03 15:32:44,967 - Stored detection for DoctorsET_809.jpg: Class 0, BBox (0.592593, 0.860786, 0.222222, 0.233794), Confidence 0.930388
2025-02-03 15:32:44,967 - Stored detection for DoctorsET_809.jpg: Class 0, BBox (0.810185, 0.836344, 0.224074, 0.286929), Confidence 0.934831
2025-02-03 15:32:44,968 - Stored detection for DoctorsET_810.jpg: Class 0, BBox (0.81391, 0.612293, 0.12218, 0.118203), Confidence 0.536147
2025-02-03 15:32:44,968 - Stored detection for DoctorsET_810.jpg: Class 0, BBox (0.315789, 0.874114, 0.167293, 0.183215), Confidence 0.541047
2025-02-03 15:32:44,968 - Stored detection for DoctorsET_810.jpg: Class 0, BBox (0.860432, 0.582742, 0.068609, 0.163121), Confidence 0.631145
2025-02-03 15:32:44,968 - Stored detection for DoctorsET_810.jpg: Class 56, BBox (0.613722, 0.897754, 0.0733083, 0.173759), Confidence 0.650796
2025-02-03 15:32:44,968 - Stored detection for DoctorsET_810.jpg: Class 0, BBox (0.455827, 0.763593, 0.291353, 0.43026), Confidence 0.857677
2025-02-03 15:32:44,968 - Stored detection for DoctorsET_810.jpg: Class 0, BBox (0.140977, 0.722222, 0.259398, 0.515366), Confidence 0.877127
2025-02-03 15:32:44,968 - Stored detection for DoctorsET_810.jpg: Class 0, BBox (0.843985, 0.200946, 0.150376, 0.288416), Confidence 0.904518
2025-02-03 15:32:44,968 - Stored detection for DoctorsET_811.jpg: Class 56, BBox (0.785156, 0.818056, 0.201562, 0.358333), Confidence 0.274649
2025-02-03 15:32:44,968 - Stored detection for DoctorsET_811.jpg: Class 41, BBox (0.606641, 0.474306, 0.0257812, 0.0597222), Confidence 0.321847
2025-02-03 15:32:44,968 - Stored detection for DoctorsET_811.jpg: Class 56, BBox (0.193359, 0.754167, 0.146094, 0.461111), Confidence 0.384222
2025-02-03 15:32:44,968 - Stored detection for DoctorsET_811.jpg: Class 56, BBox (0.852344, 0.734028, 0.104687, 0.495833), Confidence 0.41466
2025-02-03 15:32:44,968 - Stored detection for DoctorsET_811.jpg: Class 0, BBox (0.6375, 0.607639, 0.171875, 0.715278), Confidence 0.752171
2025-02-03 15:32:44,968 - Stored detection for DoctorsET_811.jpg: Class 0, BBox (0.792969, 0.580556, 0.2375, 0.772222), Confidence 0.862382
2025-02-03 15:32:44,968 - Stored detection for DoctorsET_811.jpg: Class 0, BBox (0.230078, 0.595139, 0.205469, 0.773611), Confidence 0.88959
2025-02-03 15:32:44,968 - Stored detection for DoctorsET_812.jpg: Class 0, BBox (0.584375, 0.572222, 0.096875, 0.375), Confidence 0.257522
2025-02-03 15:32:44,968 - Stored detection for DoctorsET_812.jpg: Class 0, BBox (0.473437, 0.140278, 0.164062, 0.275), Confidence 0.406746
2025-02-03 15:32:44,968 - Stored detection for DoctorsET_812.jpg: Class 63, BBox (0.732813, 0.515972, 0.0640625, 0.0875), Confidence 0.51004
2025-02-03 15:32:44,968 - Stored detection for DoctorsET_812.jpg: Class 56, BBox (0.208984, 0.826389, 0.138281, 0.341667), Confidence 0.668971
2025-02-03 15:32:44,968 - Stored detection for DoctorsET_812.jpg: Class 0, BBox (0.614453, 0.58125, 0.135156, 0.643056), Confidence 0.782396
2025-02-03 15:32:44,968 - Stored detection for DoctorsET_812.jpg: Class 0, BBox (0.205469, 0.580556, 0.167187, 0.708333), Confidence 0.869964
2025-02-03 15:32:44,968 - Stored detection for DoctorsET_812.jpg: Class 0, BBox (0.755859, 0.563194, 0.230469, 0.7375), Confidence 0.931905
2025-02-03 15:32:44,968 - Stored detection for DoctorsET_813.jpg: Class 41, BBox (0.535547, 0.815278, 0.0648438, 0.141667), Confidence 0.725538
2025-02-03 15:32:44,968 - Stored detection for DoctorsET_813.jpg: Class 41, BBox (0.280469, 0.83125, 0.059375, 0.154167), Confidence 0.816821
2025-02-03 15:32:44,968 - Stored detection for DoctorsET_813.jpg: Class 0, BBox (0.203125, 0.583333, 0.3375, 0.736111), Confidence 0.86527
2025-02-03 15:32:44,982 - Stored detection for DoctorsET_813.jpg: Class 0, BBox (0.786719, 0.565278, 0.360938, 0.833333), Confidence 0.954226
2025-02-03 15:32:44,983 - Stored detection for DoctorsET_814.jpg: Class 41, BBox (0.708984, 0.7375, 0.0804688, 0.175), Confidence 0.656813
2025-02-03 15:32:44,983 - Stored detection for DoctorsET_814.jpg: Class 0, BBox (0.343359, 0.558333, 0.350781, 0.883333), Confidence 0.886044
2025-02-03 15:32:44,983 - Stored detection for DoctorsET_818.jpg: Class 50, BBox (0.398438, 0.839583, 0.065625, 0.0763889), Confidence 0.250473
2025-02-03 15:32:44,983 - Stored detection for DoctorsET_818.jpg: Class 45, BBox (0.802734, 0.845833, 0.0945313, 0.0805556), Confidence 0.299447
2025-02-03 15:32:44,983 - Stored detection for DoctorsET_818.jpg: Class 51, BBox (0.322266, 0.904167, 0.0523437, 0.0583333), Confidence 0.332869
2025-02-03 15:32:44,983 - Stored detection for DoctorsET_818.jpg: Class 39, BBox (0.932813, 0.640972, 0.0328125, 0.134722), Confidence 0.351103
2025-02-03 15:32:44,983 - Stored detection for DoctorsET_818.jpg: Class 45, BBox (0.601562, 0.829167, 0.146875, 0.0972222), Confidence 0.364676
2025-02-03 15:32:44,983 - Stored detection for DoctorsET_818.jpg: Class 27, BBox (0.684766, 0.425, 0.0195312, 0.0694444), Confidence 0.407802
2025-02-03 15:32:44,983 - Stored detection for DoctorsET_818.jpg: Class 50, BBox (0.375781, 0.895833, 0.11875, 0.155556), Confidence 0.487747
2025-02-03 15:32:44,983 - Stored detection for DoctorsET_818.jpg: Class 39, BBox (0.710938, 0.822222, 0.0328125, 0.152778), Confidence 0.581421
2025-02-03 15:32:44,983 - Stored detection for DoctorsET_818.jpg: Class 68, BBox (0.973047, 0.627083, 0.0523437, 0.229167), Confidence 0.665546
2025-02-03 15:32:44,983 - Stored detection for DoctorsET_818.jpg: Class 58, BBox (0.883984, 0.745833, 0.0601562, 0.261111), Confidence 0.66965
2025-02-03 15:32:44,983 - Stored detection for DoctorsET_818.jpg: Class 68, BBox (0.572266, 0.615972, 0.116406, 0.204167), Confidence 0.823811
2025-02-03 15:32:44,983 - Stored detection for DoctorsET_818.jpg: Class 0, BBox (0.708203, 0.490972, 0.200781, 0.656944), Confidence 0.880897
2025-02-03 15:32:44,983 - Stored detection for DoctorsET_818.jpg: Class 0, BBox (0.142578, 0.5125, 0.203906, 0.738889), Confidence 0.887062
2025-02-03 15:32:44,983 - Stored detection for DoctorsET_819.jpg: Class 0, BBox (0.472656, 0.530556, 0.354688, 0.936111), Confidence 0.944883
2025-02-03 15:32:44,983 - Stored detection for DoctorsET_820.jpg: Class 41, BBox (0.171094, 0.5375, 0.0484375, 0.0972222), Confidence 0.285903
2025-02-03 15:32:44,983 - Stored detection for DoctorsET_820.jpg: Class 41, BBox (0.564062, 0.945139, 0.0375, 0.109722), Confidence 0.344324
2025-02-03 15:32:44,983 - Stored detection for DoctorsET_820.jpg: Class 41, BBox (0.738281, 0.931944, 0.065625, 0.119444), Confidence 0.40301
2025-02-03 15:32:44,983 - Stored detection for DoctorsET_820.jpg: Class 62, BBox (0.0445312, 0.484722, 0.0890625, 0.763889), Confidence 0.444858
2025-02-03 15:32:44,983 - Stored detection for DoctorsET_820.jpg: Class 58, BBox (0.732422, 0.821528, 0.0773437, 0.329167), Confidence 0.482788
2025-02-03 15:32:44,983 - Stored detection for DoctorsET_820.jpg: Class 68, BBox (0.182812, 0.726389, 0.201562, 0.288889), Confidence 0.676896
2025-02-03 15:32:44,983 - Stored detection for DoctorsET_820.jpg: Class 27, BBox (0.379687, 0.418056, 0.03125, 0.105556), Confidence 0.813276
2025-02-03 15:32:44,983 - Stored detection for DoctorsET_820.jpg: Class 0, BBox (0.414062, 0.49375, 0.320312, 0.918056), Confidence 0.859981
2025-02-03 15:32:44,983 - Stored detection for DoctorsET_822.jpg: Class 39, BBox (0.0890625, 0.836806, 0.173438, 0.259722), Confidence 0.254953
2025-02-03 15:32:44,998 - Stored detection for DoctorsET_822.jpg: Class 0, BBox (0.40625, 0.545139, 0.367188, 0.876389), Confidence 0.891198
2025-02-03 15:32:44,999 - Stored detection for DoctorsET_823.jpg: Class 0, BBox (0.425391, 0.58125, 0.411719, 0.831944), Confidence 0.905513
2025-02-03 15:32:44,999 - Stored detection for DoctorsET_824.jpg: Class 56, BBox (0.877344, 0.715278, 0.245312, 0.538889), Confidence 0.28833
2025-02-03 15:32:44,999 - Stored detection for DoctorsET_824.jpg: Class 36, BBox (0.162109, 0.948611, 0.221094, 0.0944444), Confidence 0.646374
2025-02-03 15:32:44,999 - Stored detection for DoctorsET_824.jpg: Class 0, BBox (0.816797, 0.590972, 0.252344, 0.818056), Confidence 0.881008
2025-02-03 15:32:44,999 - Stored detection for DoctorsET_824.jpg: Class 0, BBox (0.491406, 0.602083, 0.190625, 0.743056), Confidence 0.911637
2025-02-03 15:32:44,999 - Stored detection for DoctorsET_824.jpg: Class 0, BBox (0.139453, 0.578472, 0.222656, 0.759722), Confidence 0.916614
2025-02-03 15:32:44,999 - Stored detection for DoctorsET_825.jpg: Class 73, BBox (0.354297, 0.760417, 0.0695312, 0.0652778), Confidence 0.288675
2025-02-03 15:32:44,999 - Stored detection for DoctorsET_825.jpg: Class 0, BBox (0.370703, 0.646528, 0.0664062, 0.201389), Confidence 0.420598
2025-02-03 15:32:44,999 - Stored detection for DoctorsET_825.jpg: Class 56, BBox (0.58125, 0.595833, 0.0703125, 0.113889), Confidence 0.428836
2025-02-03 15:32:44,999 - Stored detection for DoctorsET_825.jpg: Class 74, BBox (0.488281, 0.333333, 0.0328125, 0.0611111), Confidence 0.718781
2025-02-03 15:32:44,999 - Stored detection for DoctorsET_825.jpg: Class 0, BBox (0.553906, 0.773611, 0.139062, 0.405556), Confidence 0.758657
2025-02-03 15:32:44,999 - Stored detection for DoctorsET_825.jpg: Class 0, BBox (0.926172, 0.480556, 0.0867188, 0.4), Confidence 0.884568
2025-02-03 15:32:44,999 - Stored detection for DoctorsET_825.jpg: Class 0, BBox (0.795313, 0.56875, 0.1, 0.570833), Confidence 0.902189
2025-02-03 15:32:44,999 - Stored detection for DoctorsET_826.jpg: Class 56, BBox (0.437891, 0.578472, 0.0429688, 0.190278), Confidence 0.278967
2025-02-03 15:32:44,999 - Stored detection for DoctorsET_826.jpg: Class 74, BBox (0.772656, 0.330556, 0.028125, 0.05), Confidence 0.292222
2025-02-03 15:32:44,999 - Stored detection for DoctorsET_826.jpg: Class 0, BBox (0.262891, 0.556944, 0.0789063, 0.436111), Confidence 0.884262
2025-02-03 15:32:44,999 - Stored detection for DoctorsET_826.jpg: Class 0, BBox (0.486719, 0.545833, 0.0875, 0.416667), Confidence 0.886622
2025-02-03 15:32:44,999 - Stored detection for DoctorsET_826.jpg: Class 0, BBox (0.816797, 0.572222, 0.110156, 0.633333), Confidence 0.89833
2025-02-03 15:32:44,999 - Stored detection for DoctorsET_826.jpg: Class 0, BBox (0.947266, 0.473611, 0.103906, 0.441667), Confidence 0.904556
2025-02-03 15:32:44,999 - Stored detection for DoctorsET_826.jpg: Class 0, BBox (0.352344, 0.560417, 0.145313, 0.756944), Confidence 0.92996
2025-02-03 15:32:44,999 - Stored detection for DoctorsET_827.jpg: Class 67, BBox (0.7, 0.711806, 0.0296875, 0.0375), Confidence 0.264908
2025-02-03 15:32:44,999 - Stored detection for DoctorsET_827.jpg: Class 56, BBox (0.130859, 0.770833, 0.261719, 0.430556), Confidence 0.308924
2025-02-03 15:32:44,999 - Stored detection for DoctorsET_827.jpg: Class 0, BBox (0.508203, 0.647222, 0.192969, 0.686111), Confidence 0.867349
2025-02-03 15:32:44,999 - Stored detection for DoctorsET_827.jpg: Class 0, BBox (0.783594, 0.642361, 0.239063, 0.715278), Confidence 0.879948
2025-02-03 15:32:44,999 - Stored detection for DoctorsET_827.jpg: Class 0, BBox (0.164844, 0.628472, 0.220313, 0.729167), Confidence 0.88214
2025-02-03 15:32:44,999 - Stored detection for DoctorsET_828.jpg: Class 0, BBox (0.124108, 0.620625, 0.0199715, 0.02625), Confidence 0.439787
2025-02-03 15:32:44,999 - Stored detection for DoctorsET_828.jpg: Class 0, BBox (0.0691869, 0.601875, 0.021398, 0.06375), Confidence 0.516388
2025-02-03 15:32:44,999 - Stored detection for DoctorsET_828.jpg: Class 0, BBox (0.0898716, 0.603125, 0.0199715, 0.05375), Confidence 0.643215
2025-02-03 15:32:44,999 - Stored detection for DoctorsET_828.jpg: Class 0, BBox (0.119829, 0.576875, 0.0228245, 0.04875), Confidence 0.765025
2025-02-03 15:32:44,999 - Stored detection for DoctorsET_828.jpg: Class 0, BBox (0.462197, 0.54125, 0.644793, 0.8975), Confidence 0.914834
2025-02-03 15:32:44,999 - Stored detection for DoctorsET_830.jpg: Class 0, BBox (0.9625, 0.736875, 0.045, 0.12125), Confidence 0.711779
2025-02-03 15:32:45,015 - Stored detection for DoctorsET_830.jpg: Class 2, BBox (0.9125, 0.8925, 0.175, 0.2075), Confidence 0.809612
2025-02-03 15:32:45,015 - Stored detection for DoctorsET_831.jpg: Class 0, BBox (0.155625, 0.863125, 0.16375, 0.15625), Confidence 0.25374
2025-02-03 15:32:45,016 - Stored detection for DoctorsET_831.jpg: Class 0, BBox (0.7925, 0.845, 0.0725, 0.1025), Confidence 0.310191
2025-02-03 15:32:45,017 - Stored detection for DoctorsET_831.jpg: Class 56, BBox (0.83125, 0.888125, 0.1225, 0.05625), Confidence 0.455768
2025-02-03 15:32:45,017 - Stored detection for DoctorsET_831.jpg: Class 0, BBox (0.7675, 0.6125, 0.16, 0.115), Confidence 0.588156
2025-02-03 15:32:45,018 - Stored detection for DoctorsET_831.jpg: Class 56, BBox (0.514375, 0.9, 0.08875, 0.175), Confidence 0.614091
2025-02-03 15:32:45,018 - Stored detection for DoctorsET_831.jpg: Class 0, BBox (0.824375, 0.58375, 0.08875, 0.16), Confidence 0.63943
2025-02-03 15:32:45,018 - Stored detection for DoctorsET_831.jpg: Class 0, BBox (0.3225, 0.76625, 0.3575, 0.4325), Confidence 0.859881
2025-02-03 15:32:45,018 - Stored detection for DoctorsET_831.jpg: Class 0, BBox (0.805625, 0.2025, 0.18875, 0.29), Confidence 0.881698
2025-02-03 15:32:45,018 - Stored detection for DoctorsET_832.jpg: Class 45, BBox (0.938125, 0.850625, 0.12375, 0.24625), Confidence 0.344844
2025-02-03 15:32:45,018 - Stored detection for DoctorsET_832.jpg: Class 0, BBox (0.936875, 0.856875, 0.12625, 0.21625), Confidence 0.414611
2025-02-03 15:32:45,018 - Stored detection for DoctorsET_832.jpg: Class 0, BBox (0.714375, 0.809375, 0.16875, 0.16125), Confidence 0.492885
2025-02-03 15:32:45,018 - Stored detection for DoctorsET_832.jpg: Class 0, BBox (0.413125, 0.706875, 0.22375, 0.21875), Confidence 0.545501
2025-02-03 15:32:45,018 - Stored detection for DoctorsET_833.jpg: Class 27, BBox (0.85375, 0.19, 0.03, 0.0725), Confidence 0.567735
2025-02-03 15:32:45,018 - Stored detection for DoctorsET_833.jpg: Class 27, BBox (0.62125, 0.92625, 0.0275, 0.105), Confidence 0.675614
2025-02-03 15:32:45,018 - Stored detection for DoctorsET_833.jpg: Class 0, BBox (0.361875, 0.2825, 0.15875, 0.4525), Confidence 0.7923
2025-02-03 15:32:45,018 - Stored detection for DoctorsET_833.jpg: Class 27, BBox (0.411875, 0.929375, 0.03625, 0.10625), Confidence 0.796955
2025-02-03 15:32:45,018 - Stored detection for DoctorsET_833.jpg: Class 0, BBox (0.526875, 0.301875, 0.18125, 0.41625), Confidence 0.838463
2025-02-03 15:32:45,018 - Stored detection for DoctorsET_833.jpg: Class 0, BBox (0.2, 0.316875, 0.175, 0.36625), Confidence 0.871075
2025-02-03 15:32:45,018 - Stored detection for DoctorsET_833.jpg: Class 0, BBox (0.9575, 0.275625, 0.085, 0.45625), Confidence 0.876292
2025-02-03 15:32:45,018 - Stored detection for DoctorsET_833.jpg: Class 0, BBox (0.159375, 0.8525, 0.30875, 0.2825), Confidence 0.884817
2025-02-03 15:32:45,018 - Stored detection for DoctorsET_833.jpg: Class 0, BBox (0.063125, 0.28875, 0.12625, 0.4375), Confidence 0.894356
2025-02-03 15:32:45,018 - Stored detection for DoctorsET_833.jpg: Class 0, BBox (0.6725, 0.29875, 0.1575, 0.415), Confidence 0.898579
2025-02-03 15:32:45,018 - Stored detection for DoctorsET_833.jpg: Class 0, BBox (0.834375, 0.28125, 0.17625, 0.4475), Confidence 0.905236
2025-02-03 15:32:45,018 - Stored detection for DoctorsET_833.jpg: Class 0, BBox (0.619375, 0.859375, 0.26125, 0.23875), Confidence 0.92767
2025-02-03 15:32:45,018 - Stored detection for DoctorsET_833.jpg: Class 0, BBox (0.384375, 0.859375, 0.23375, 0.25375), Confidence 0.928196
2025-02-03 15:32:45,018 - Stored detection for DoctorsET_833.jpg: Class 0, BBox (0.871875, 0.8375, 0.25125, 0.2875), Confidence 0.939007
2025-02-03 15:32:45,018 - Stored detection for DoctorsET_834.jpg: Class 27, BBox (0.482, 0.306, 0.068, 0.144), Confidence 0.292989
2025-02-03 15:32:45,018 - Stored detection for DoctorsET_834.jpg: Class 0, BBox (0.157, 0.738, 0.314, 0.524), Confidence 0.31315
2025-02-03 15:32:45,018 - Stored detection for DoctorsET_834.jpg: Class 0, BBox (0.385, 0.58, 0.338, 0.296), Confidence 0.472706
2025-02-03 15:32:45,018 - Stored detection for DoctorsET_834.jpg: Class 0, BBox (0.66, 0.621, 0.28, 0.394), Confidence 0.485663
2025-02-03 15:32:45,018 - Stored detection for DoctorsET_834.jpg: Class 0, BBox (0.879, 0.644, 0.234, 0.388), Confidence 0.516178
2025-02-03 15:32:45,032 - Stored detection for DoctorsET_834.jpg: Class 0, BBox (0.828, 0.43, 0.344, 0.748), Confidence 0.576365
2025-02-03 15:32:45,033 - Stored detection for DoctorsET_834.jpg: Class 0, BBox (0.524, 0.32, 0.316, 0.556), Confidence 0.730514
2025-02-03 15:32:45,033 - Stored detection for DoctorsET_834.jpg: Class 0, BBox (0.228, 0.372, 0.336, 0.644), Confidence 0.754189
2025-02-03 15:32:45,035 - Stored detection for DoctorsET_835.jpg: Class 74, BBox (0.422562, 0.555437, 0.0248566, 0.0298507), Confidence 0.335693
2025-02-03 15:32:45,036 - Stored detection for DoctorsET_835.jpg: Class 27, BBox (0.619503, 0.323028, 0.0669216, 0.0426439), Confidence 0.54619
2025-02-03 15:32:45,036 - Stored detection for DoctorsET_835.jpg: Class 0, BBox (0.626673, 0.323561, 0.262906, 0.389126), Confidence 0.636865
2025-02-03 15:32:45,036 - Stored detection for DoctorsET_835.jpg: Class 0, BBox (0.662046, 0.56823, 0.209369, 0.471215), Confidence 0.649662
2025-02-03 15:32:45,036 - Stored detection for DoctorsET_835.jpg: Class 0, BBox (0.363289, 0.24467, 0.217973, 0.376333), Confidence 0.741257
2025-02-03 15:32:45,036 - Stored detection for DoctorsET_835.jpg: Class 0, BBox (0.26912, 0.552239, 0.211281, 0.407249), Confidence 0.791221
2025-02-03 15:32:45,036 - Stored detection for DoctorsET_835.jpg: Class 0, BBox (0.468451, 0.553305, 0.273423, 0.628998), Confidence 0.836384
2025-02-03 15:32:45,036 - Stored detection for DoctorsET_835.jpg: Class 27, BBox (0.301625, 0.600746, 0.0296367, 0.133262), Confidence 0.858697
2025-02-03 15:32:45,036 - Stored detection for DoctorsET_839.jpg: Class 0, BBox (0.469531, 0.659722, 0.128125, 0.588889), Confidence 0.31292
2025-02-03 15:32:45,036 - Stored detection for DoctorsET_839.jpg: Class 39, BBox (0.629297, 0.851389, 0.111719, 0.291667), Confidence 0.378599
2025-02-03 15:32:45,036 - Stored detection for DoctorsET_839.jpg: Class 39, BBox (0.762891, 0.852778, 0.119531, 0.286111), Confidence 0.383015
2025-02-03 15:32:45,036 - Stored detection for DoctorsET_839.jpg: Class 39, BBox (0.14375, 0.651389, 0.278125, 0.641667), Confidence 0.384318
2025-02-03 15:32:45,036 - Stored detection for DoctorsET_839.jpg: Class 39, BBox (0.326562, 0.765278, 0.184375, 0.458333), Confidence 0.648105
2025-02-03 15:32:45,036 - Stored detection for DoctorsET_839.jpg: Class 39, BBox (0.493359, 0.836806, 0.127344, 0.318056), Confidence 0.712906
2025-02-03 15:32:45,036 - Stored detection for DoctorsET_840.jpg: Class 56, BBox (0.535937, 0.942361, 0.253125, 0.115278), Confidence 0.255305
2025-02-03 15:32:45,036 - Stored detection for DoctorsET_840.jpg: Class 36, BBox (0.536719, 0.942361, 0.253125, 0.106944), Confidence 0.258826
2025-02-03 15:32:45,036 - Stored detection for DoctorsET_840.jpg: Class 36, BBox (0.373437, 0.746528, 0.146875, 0.0625), Confidence 0.370957
2025-02-03 15:32:45,036 - Stored detection for DoctorsET_840.jpg: Class 0, BBox (0.63125, 0.515972, 0.103125, 0.398611), Confidence 0.614453
2025-02-03 15:32:45,048 - Stored detection for DoctorsET_840.jpg: Class 0, BBox (0.867969, 0.46875, 0.065625, 0.354167), Confidence 0.662072
2025-02-03 15:32:45,049 - Stored detection for DoctorsET_840.jpg: Class 0, BBox (0.561719, 0.484028, 0.253125, 0.8125), Confidence 0.804359
2025-02-03 15:32:45,049 - Stored detection for DoctorsET_840.jpg: Class 0, BBox (0.962109, 0.475694, 0.0757812, 0.406944), Confidence 0.872548
2025-02-03 15:32:45,049 - Stored detection for DoctorsET_840.jpg: Class 0, BBox (0.369531, 0.525694, 0.185937, 0.3875), Confidence 0.888068
2025-02-03 15:32:45,049 - Stored detection for DoctorsET_840.jpg: Class 0, BBox (0.815625, 0.566667, 0.140625, 0.602778), Confidence 0.898931
2025-02-03 15:32:45,049 - Stored detection for DoctorsET_841.jpg: Class 56, BBox (0.227734, 0.672222, 0.0867188, 0.269444), Confidence 0.393914
2025-02-03 15:32:45,049 - Stored detection for DoctorsET_841.jpg: Class 0, BBox (0.935938, 0.395833, 0.0984375, 0.169444), Confidence 0.791021
2025-02-03 15:32:45,049 - Stored detection for DoctorsET_841.jpg: Class 0, BBox (0.632812, 0.509722, 0.221875, 0.966667), Confidence 0.901237
2025-02-03 15:32:45,049 - Stored detection for DoctorsET_841.jpg: Class 0, BBox (0.33125, 0.576389, 0.173438, 0.830556), Confidence 0.938818
2025-02-03 15:32:45,049 - Stored detection for DoctorsET_842.jpg: Class 57, BBox (0.358594, 0.646528, 0.126563, 0.168056), Confidence 0.293656
2025-02-03 15:32:45,049 - Stored detection for DoctorsET_842.jpg: Class 39, BBox (0.9875, 0.509722, 0.0125, 0.0472222), Confidence 0.293964
2025-02-03 15:32:45,049 - Stored detection for DoctorsET_842.jpg: Class 41, BBox (0.435156, 0.745833, 0.01875, 0.0527778), Confidence 0.302189
2025-02-03 15:32:45,049 - Stored detection for DoctorsET_842.jpg: Class 56, BBox (0.642578, 0.586806, 0.0367187, 0.106944), Confidence 0.424342
2025-02-03 15:32:45,049 - Stored detection for DoctorsET_842.jpg: Class 74, BBox (0.803906, 0.318056, 0.028125, 0.05), Confidence 0.52296
2025-02-03 15:32:45,049 - Stored detection for DoctorsET_842.jpg: Class 74, BBox (0.501562, 0.322917, 0.0296875, 0.0569444), Confidence 0.650095
2025-02-03 15:32:45,049 - Stored detection for DoctorsET_842.jpg: Class 0, BBox (0.589063, 0.543056, 0.0828125, 0.286111), Confidence 0.660605
2025-02-03 15:32:45,049 - Stored detection for DoctorsET_842.jpg: Class 0, BBox (0.344531, 0.575694, 0.096875, 0.273611), Confidence 0.754602
2025-02-03 15:32:45,049 - Stored detection for DoctorsET_842.jpg: Class 0, BBox (0.466797, 0.567361, 0.147656, 0.404167), Confidence 0.855885
2025-02-03 15:32:45,049 - Stored detection for DoctorsET_842.jpg: Class 0, BBox (0.909766, 0.463889, 0.114844, 0.366667), Confidence 0.867956
2025-02-03 15:32:45,049 - Stored detection for DoctorsET_842.jpg: Class 0, BBox (0.752344, 0.526389, 0.078125, 0.486111), Confidence 0.913844
2025-02-03 15:32:45,049 - Stored detection for DoctorsET_842.jpg: Class 0, BBox (0.0898438, 0.783333, 0.121875, 0.425), Confidence 0.917551
2025-02-03 15:32:45,049 - Stored detection for DoctorsET_842.jpg: Class 0, BBox (0.196484, 0.788889, 0.141406, 0.416667), Confidence 0.925706
2025-02-03 15:32:45,049 - Stored detection for EAHCI_2489.jpg: Class 29, BBox (0.818232, 0.592969, 0.109392, 0.075), Confidence 0.258767
2025-02-03 15:32:45,049 - Stored detection for EAHCI_2489.jpg: Class 32, BBox (0.818232, 0.593359, 0.111602, 0.0773437), Confidence 0.557189
2025-02-03 15:32:45,049 - Stored detection for EAHCI_2489.jpg: Class 0, BBox (0.864088, 0.792188, 0.148066, 0.117188), Confidence 0.56168
2025-02-03 15:32:45,065 - Stored detection for EAHCI_2489.jpg: Class 56, BBox (0.747514, 0.887891, 0.144751, 0.0835937), Confidence 0.690279
2025-02-03 15:32:45,065 - Stored detection for EAHCI_2489.jpg: Class 0, BBox (0.814365, 0.615234, 0.274033, 0.189844), Confidence 0.7127
2025-02-03 15:32:45,065 - Stored detection for EAHCI_2489.jpg: Class 0, BBox (0.790055, 0.846875, 0.183425, 0.164062), Confidence 0.775331
2025-02-03 15:32:45,066 - Stored detection for EAHCI_2489.jpg: Class 0, BBox (0.751381, 0.403125, 0.128177, 0.189063), Confidence 0.81501
2025-02-03 15:32:45,066 - Stored detection for EAHCI_2489.jpg: Class 0, BBox (0.870166, 0.398438, 0.131492, 0.195312), Confidence 0.820371
2025-02-03 15:32:45,066 - Stored detection for EAHCI_2489.jpg: Class 0, BBox (0.801657, 0.191406, 0.21768, 0.170312), Confidence 0.845597
2025-02-03 15:32:45,066 - Stored detection for EAHCI_2490.jpg: Class 0, BBox (0.209945, 0.373828, 0.117127, 0.113281), Confidence 0.720211
2025-02-03 15:32:45,066 - Stored detection for EAHCI_2490.jpg: Class 67, BBox (0.464641, 0.469531, 0.279558, 0.276563), Confidence 0.748484
2025-02-03 15:32:45,066 - Stored detection for EAHCI_2490.jpg: Class 0, BBox (0.212155, 0.521094, 0.114917, 0.1125), Confidence 0.77085
2025-02-03 15:32:45,066 - Stored detection for EAHCI_2492.jpg: Class 0, BBox (0.777778, 0.772685, 0.437037, 0.452778), Confidence 0.419634
2025-02-03 15:32:45,066 - Stored detection for EAHCI_2492.jpg: Class 32, BBox (0.0342593, 0.7125, 0.0185185, 0.0175926), Confidence 0.53827
2025-02-03 15:32:45,066 - Stored detection for EAHCI_2493.jpg: Class 67, BBox (0.464088, 0.469141, 0.280663, 0.277344), Confidence 0.698725
2025-02-03 15:32:45,066 - Stored detection for EAHCI_2493.jpg: Class 0, BBox (0.210497, 0.374219, 0.116022, 0.1125), Confidence 0.710824
2025-02-03 15:32:45,066 - Stored detection for EAHCI_2493.jpg: Class 0, BBox (0.212707, 0.521094, 0.113812, 0.1125), Confidence 0.766705
2025-02-03 15:32:45,066 - Stored detection for EAHCI_2495.jpg: Class 73, BBox (0.164352, 0.840278, 0.0861111, 0.0583333), Confidence 0.362911
2025-02-03 15:32:45,066 - Stored detection for EAHCI_2495.jpg: Class 0, BBox (0.410185, 0.846296, 0.12037, 0.307407), Confidence 0.517584
2025-02-03 15:32:45,066 - Stored detection for EAHCI_2495.jpg: Class 0, BBox (0.827315, 0.243056, 0.336111, 0.471296), Confidence 0.625941
2025-02-03 15:32:45,066 - Stored detection for EAHCI_2495.jpg: Class 0, BBox (0.315278, 0.8375, 0.112037, 0.325), Confidence 0.819072
2025-02-03 15:32:45,066 - Stored detection for EAHCI_2495.jpg: Class 0, BBox (0.183796, 0.802778, 0.163889, 0.392593), Confidence 0.879207
2025-02-03 15:32:45,066 - Stored detection for EAHCI_2495.jpg: Class 0, BBox (0.0587963, 0.797222, 0.115741, 0.401852), Confidence 0.91064
2025-02-03 15:32:45,066 - Stored detection for EAHCI_2498.jpg: Class 67, BBox (0.768805, 0.302344, 0.161504, 0.0875), Confidence 0.297133
2025-02-03 15:32:45,066 - Stored detection for EAHCI_2498.jpg: Class 0, BBox (0.117257, 0.336328, 0.0553097, 0.0492188), Confidence 0.306152
2025-02-03 15:32:45,066 - Stored detection for EAHCI_2498.jpg: Class 32, BBox (0.0110619, 0.613281, 0.0221239, 0.015625), Confidence 0.325834
2025-02-03 15:32:45,066 - Stored detection for EAHCI_2498.jpg: Class 63, BBox (0.705199, 0.217578, 0.0763274, 0.0664062), Confidence 0.568179
2025-02-03 15:32:45,066 - Stored detection for EAHCI_2498.jpg: Class 62, BBox (0.840708, 0.198828, 0.232301, 0.135156), Confidence 0.753758
2025-02-03 15:32:45,066 - Stored detection for EAHCI_2498.jpg: Class 0, BBox (0.678097, 0.238281, 0.349558, 0.279687), Confidence 0.774812
2025-02-03 15:32:45,066 - Stored detection for EAHCI_2501.jpg: Class 27, BBox (0.795703, 0.369271, 0.0242187, 0.0572917), Confidence 0.275613
2025-02-03 15:32:45,066 - Stored detection for EAHCI_2501.jpg: Class 73, BBox (0.707422, 0.625, 0.0773437, 0.0729167), Confidence 0.354141
2025-02-03 15:32:45,066 - Stored detection for EAHCI_2501.jpg: Class 26, BBox (0.413281, 0.414062, 0.0765625, 0.121875), Confidence 0.35482
2025-02-03 15:32:45,066 - Stored detection for EAHCI_2501.jpg: Class 0, BBox (0.964063, 0.741146, 0.0703125, 0.517708), Confidence 0.391914
2025-02-03 15:32:45,066 - Stored detection for EAHCI_2501.jpg: Class 73, BBox (0.5, 0.527083, 0.0734375, 0.0916667), Confidence 0.649518
2025-02-03 15:32:45,081 - Stored detection for EAHCI_2501.jpg: Class 0, BBox (0.803125, 0.566146, 0.134375, 0.748958), Confidence 0.659424
2025-02-03 15:32:45,082 - Stored detection for EAHCI_2501.jpg: Class 0, BBox (0.461328, 0.510417, 0.105469, 0.535417), Confidence 0.7095
2025-02-03 15:32:45,082 - Stored detection for EAHCI_2501.jpg: Class 0, BBox (0.921484, 0.547917, 0.152344, 0.904167), Confidence 0.715813
2025-02-03 15:32:45,082 - Stored detection for EAHCI_2501.jpg: Class 0, BBox (0.693359, 0.552083, 0.133594, 0.58125), Confidence 0.82368
2025-02-03 15:32:45,082 - Stored detection for EAHCI_2501.jpg: Class 0, BBox (0.558594, 0.532812, 0.140625, 0.551042), Confidence 0.839377
2025-02-03 15:32:45,082 - Stored detection for EAHCI_2501.jpg: Class 0, BBox (0.239844, 0.535937, 0.167187, 0.642708), Confidence 0.873121
2025-02-03 15:32:45,082 - Stored detection for EAHCI_2501.jpg: Class 0, BBox (0.373437, 0.542188, 0.145313, 0.559375), Confidence 0.877291
2025-02-03 15:32:45,082 - Stored detection for EAHCI_2501.jpg: Class 0, BBox (0.114063, 0.570833, 0.228125, 0.683333), Confidence 0.886498
2025-02-03 15:32:45,082 - Stored detection for EAHCI_2502.jpg: Class 26, BBox (0.494531, 0.502604, 0.06875, 0.0885417), Confidence 0.30202
2025-02-03 15:32:45,082 - Stored detection for EAHCI_2502.jpg: Class 73, BBox (0.493359, 0.505208, 0.0742188, 0.0854167), Confidence 0.490974
2025-02-03 15:32:45,082 - Stored detection for EAHCI_2502.jpg: Class 27, BBox (0.764063, 0.373958, 0.0203125, 0.0645833), Confidence 0.504933
2025-02-03 15:32:45,082 - Stored detection for EAHCI_2502.jpg: Class 0, BBox (0.770703, 0.547396, 0.132031, 0.590625), Confidence 0.733662
2025-02-03 15:32:45,082 - Stored detection for EAHCI_2502.jpg: Class 0, BBox (0.461328, 0.495313, 0.0960938, 0.465625), Confidence 0.798321
2025-02-03 15:32:45,082 - Stored detection for EAHCI_2502.jpg: Class 0, BBox (0.663281, 0.526042, 0.142188, 0.527083), Confidence 0.825329
2025-02-03 15:32:45,082 - Stored detection for EAHCI_2502.jpg: Class 0, BBox (0.874609, 0.573438, 0.238281, 0.809375), Confidence 0.835536
2025-02-03 15:32:45,082 - Stored detection for EAHCI_2502.jpg: Class 0, BBox (0.55, 0.508854, 0.121875, 0.498958), Confidence 0.859495
2025-02-03 15:32:45,082 - Stored detection for EAHCI_2502.jpg: Class 0, BBox (0.1375, 0.534375, 0.182812, 0.608333), Confidence 0.86627
2025-02-03 15:32:45,082 - Stored detection for EAHCI_2502.jpg: Class 0, BBox (0.380078, 0.515625, 0.130469, 0.5125), Confidence 0.876335
2025-02-03 15:32:45,082 - Stored detection for EAHCI_2502.jpg: Class 0, BBox (0.263281, 0.508854, 0.126563, 0.563542), Confidence 0.881886
2025-02-03 15:32:45,082 - Stored detection for EAHCI_2503.jpg: Class 73, BBox (0.554297, 0.4375, 0.0851562, 0.0833333), Confidence 0.277482
2025-02-03 15:32:45,082 - Stored detection for EAHCI_2503.jpg: Class 0, BBox (0.499219, 0.521875, 0.071875, 0.0895833), Confidence 0.338197
2025-02-03 15:32:45,082 - Stored detection for EAHCI_2503.jpg: Class 0, BBox (0.963281, 0.741667, 0.071875, 0.516667), Confidence 0.398115
2025-02-03 15:32:45,082 - Stored detection for EAHCI_2503.jpg: Class 27, BBox (0.796094, 0.366146, 0.0234375, 0.053125), Confidence 0.435603
2025-02-03 15:32:45,082 - Stored detection for EAHCI_2503.jpg: Class 73, BBox (0.5, 0.520833, 0.075, 0.0895833), Confidence 0.622832
2025-02-03 15:32:45,082 - Stored detection for EAHCI_2503.jpg: Class 0, BBox (0.803906, 0.5625, 0.125, 0.75), Confidence 0.632112
2025-02-03 15:32:45,082 - Stored detection for EAHCI_2503.jpg: Class 0, BBox (0.920703, 0.545833, 0.153906, 0.908333), Confidence 0.691982
2025-02-03 15:32:45,082 - Stored detection for EAHCI_2503.jpg: Class 0, BBox (0.4625, 0.504687, 0.104687, 0.546875), Confidence 0.776105
2025-02-03 15:32:45,082 - Stored detection for EAHCI_2503.jpg: Class 0, BBox (0.559375, 0.524479, 0.135937, 0.555208), Confidence 0.819721
2025-02-03 15:32:45,082 - Stored detection for EAHCI_2503.jpg: Class 0, BBox (0.69375, 0.546875, 0.135937, 0.564583), Confidence 0.8201
2025-02-03 15:32:45,082 - Stored detection for EAHCI_2503.jpg: Class 0, BBox (0.367578, 0.535417, 0.152344, 0.560417), Confidence 0.8791
2025-02-03 15:32:45,097 - Stored detection for EAHCI_2503.jpg: Class 0, BBox (0.238672, 0.528125, 0.157031, 0.633333), Confidence 0.888392
2025-02-03 15:32:45,099 - Stored detection for EAHCI_2503.jpg: Class 0, BBox (0.116797, 0.560417, 0.230469, 0.679167), Confidence 0.904014
2025-02-03 15:32:45,100 - Stored detection for EAHCI_2507.jpg: Class 73, BBox (0.164352, 0.840278, 0.0861111, 0.0583333), Confidence 0.362911
2025-02-03 15:32:45,100 - Stored detection for EAHCI_2507.jpg: Class 0, BBox (0.410185, 0.846296, 0.12037, 0.307407), Confidence 0.517584
2025-02-03 15:32:45,100 - Stored detection for EAHCI_2507.jpg: Class 0, BBox (0.827315, 0.243056, 0.336111, 0.471296), Confidence 0.625941
2025-02-03 15:32:45,100 - Stored detection for EAHCI_2507.jpg: Class 0, BBox (0.315278, 0.8375, 0.112037, 0.325), Confidence 0.819072
2025-02-03 15:32:45,100 - Stored detection for EAHCI_2507.jpg: Class 0, BBox (0.183796, 0.802778, 0.163889, 0.392593), Confidence 0.879207
2025-02-03 15:32:45,100 - Stored detection for EAHCI_2507.jpg: Class 0, BBox (0.0587963, 0.797222, 0.115741, 0.401852), Confidence 0.91064
2025-02-03 15:32:45,100 - Stored detection for EAHCI_2509.jpg: Class 0, BBox (0.209945, 0.374219, 0.114917, 0.1125), Confidence 0.721939
2025-02-03 15:32:45,100 - Stored detection for EAHCI_2509.jpg: Class 67, BBox (0.465193, 0.470313, 0.282873, 0.279687), Confidence 0.750524
2025-02-03 15:32:45,100 - Stored detection for EAHCI_2509.jpg: Class 0, BBox (0.21105, 0.521094, 0.112707, 0.1125), Confidence 0.767732
2025-02-03 15:32:45,100 - Stored detection for EAHCI_2510.jpg: Class 67, BBox (0.694475, 0.815625, 0.21105, 0.109375), Confidence 0.656774
2025-02-03 15:32:45,100 - Stored detection for EAHCI_2510.jpg: Class 62, BBox (0.740884, 0.671094, 0.288398, 0.159375), Confidence 0.786125
2025-02-03 15:32:45,100 - Stored detection for EAHCI_2513.jpg: Class 29, BBox (0.818232, 0.592969, 0.109392, 0.075), Confidence 0.258767
2025-02-03 15:32:45,100 - Stored detection for EAHCI_2513.jpg: Class 32, BBox (0.818232, 0.593359, 0.111602, 0.0773437), Confidence 0.557189
2025-02-03 15:32:45,100 - Stored detection for EAHCI_2513.jpg: Class 0, BBox (0.864088, 0.792188, 0.148066, 0.117188), Confidence 0.56168
2025-02-03 15:32:45,100 - Stored detection for EAHCI_2513.jpg: Class 56, BBox (0.747514, 0.887891, 0.144751, 0.0835937), Confidence 0.690279
2025-02-03 15:32:45,100 - Stored detection for EAHCI_2513.jpg: Class 0, BBox (0.814365, 0.615234, 0.274033, 0.189844), Confidence 0.7127
2025-02-03 15:32:45,100 - Stored detection for EAHCI_2513.jpg: Class 0, BBox (0.790055, 0.846875, 0.183425, 0.164062), Confidence 0.775331
2025-02-03 15:32:45,100 - Stored detection for EAHCI_2513.jpg: Class 0, BBox (0.751381, 0.403125, 0.128177, 0.189063), Confidence 0.81501
2025-02-03 15:32:45,100 - Stored detection for EAHCI_2513.jpg: Class 0, BBox (0.870166, 0.398438, 0.131492, 0.195312), Confidence 0.820371
2025-02-03 15:32:45,100 - Stored detection for EAHCI_2513.jpg: Class 0, BBox (0.801657, 0.191406, 0.21768, 0.170312), Confidence 0.845597
2025-02-03 15:32:45,100 - Stored detection for EAHCI_2514.jpg: Class 67, BBox (0.694475, 0.815625, 0.21105, 0.109375), Confidence 0.656774
2025-02-03 15:32:45,100 - Stored detection for EAHCI_2514.jpg: Class 62, BBox (0.740884, 0.671094, 0.288398, 0.159375), Confidence 0.786125
2025-02-03 15:32:45,100 - Stored detection for EAHCI_2515.jpg: Class 73, BBox (0.316372, 0.648438, 0.212389, 0.1), Confidence 0.328077
2025-02-03 15:32:45,100 - Stored detection for EAHCI_2515.jpg: Class 0, BBox (0.630531, 0.555859, 0.309735, 0.238281), Confidence 0.403427
2025-02-03 15:32:45,115 - Stored detection for EAHCI_2515.jpg: Class 67, BBox (0.630531, 0.556641, 0.316372, 0.241406), Confidence 0.464483
2025-02-03 15:32:45,116 - Stored detection for EAHCI_2515.jpg: Class 0, BBox (0.762721, 0.785156, 0.474558, 0.428125), Confidence 0.826786
2025-02-03 15:32:45,116 - Stored detection for EAHCI_2516.jpg: Class 73, BBox (0.164352, 0.840278, 0.0861111, 0.0583333), Confidence 0.371749
2025-02-03 15:32:45,116 - Stored detection for EAHCI_2516.jpg: Class 0, BBox (0.828704, 0.241204, 0.32963, 0.473148), Confidence 0.525829
2025-02-03 15:32:45,116 - Stored detection for EAHCI_2516.jpg: Class 0, BBox (0.410185, 0.84537, 0.12037, 0.307407), Confidence 0.540992
2025-02-03 15:32:45,116 - Stored detection for EAHCI_2516.jpg: Class 0, BBox (0.315278, 0.8375, 0.112037, 0.325), Confidence 0.822459
2025-02-03 15:32:45,116 - Stored detection for EAHCI_2516.jpg: Class 0, BBox (0.183796, 0.803241, 0.163889, 0.393519), Confidence 0.878093
2025-02-03 15:32:45,116 - Stored detection for EAHCI_2516.jpg: Class 0, BBox (0.0587963, 0.797222, 0.115741, 0.401852), Confidence 0.910913
2025-02-03 15:32:45,116 - Stored detection for EAHCI_2517.jpg: Class 26, BBox (0.691925, 0.158984, 0.0873894, 0.0523437), Confidence 0.30734
2025-02-03 15:32:45,116 - Stored detection for EAHCI_2517.jpg: Class 26, BBox (0.419801, 0.136328, 0.085177, 0.0445312), Confidence 0.335877
2025-02-03 15:32:45,116 - Stored detection for EAHCI_2517.jpg: Class 26, BBox (0.510509, 0.164844, 0.0763274, 0.05625), Confidence 0.353865
2025-02-03 15:32:45,116 - Stored detection for EAHCI_2517.jpg: Class 0, BBox (0.817478, 0.36875, 0.265487, 0.282813), Confidence 0.363877
2025-02-03 15:32:45,116 - Stored detection for EAHCI_2517.jpg: Class 0, BBox (0.955752, 0.0597656, 0.0884956, 0.119531), Confidence 0.370826
2025-02-03 15:32:45,116 - Stored detection for EAHCI_2517.jpg: Class 0, BBox (0.85896, 0.0914062, 0.144911, 0.135937), Confidence 0.410354
2025-02-03 15:32:45,116 - Stored detection for EAHCI_2517.jpg: Class 0, BBox (0.810288, 0.0746094, 0.0630531, 0.0820312), Confidence 0.427197
2025-02-03 15:32:45,116 - Stored detection for EAHCI_2517.jpg: Class 0, BBox (0.395465, 0.126953, 0.127212, 0.216406), Confidence 0.53793
2025-02-03 15:32:45,116 - Stored detection for EAHCI_2517.jpg: Class 0, BBox (0.545907, 0.121484, 0.100664, 0.217969), Confidence 0.541311
2025-02-03 15:32:45,116 - Stored detection for EAHCI_2517.jpg: Class 0, BBox (0.151549, 0.105078, 0.183628, 0.210156), Confidence 0.620813
2025-02-03 15:32:45,116 - Stored detection for EAHCI_2517.jpg: Class 0, BBox (0.728982, 0.121484, 0.139381, 0.185156), Confidence 0.624373
2025-02-03 15:32:45,116 - Stored detection for EAHCI_2517.jpg: Class 0, BBox (0.33573, 0.128516, 0.0763274, 0.214844), Confidence 0.62544
2025-02-03 15:32:45,116 - Stored detection for EAHCI_2517.jpg: Class 0, BBox (0.488385, 0.121875, 0.0984513, 0.221875), Confidence 0.715791
2025-02-03 15:32:45,116 - Stored detection for EAHCI_2517.jpg: Class 62, BBox (0.861173, 0.672656, 0.255531, 0.153125), Confidence 0.731181
2025-02-03 15:32:45,116 - Stored detection for EAHCI_2517.jpg: Class 0, BBox (0.270465, 0.127344, 0.129425, 0.214062), Confidence 0.764239
2025-02-03 15:32:45,116 - Stored detection for EAHCI_2517.jpg: Class 0, BBox (0.628319, 0.115625, 0.110619, 0.229687), Confidence 0.833219
2025-02-03 15:32:45,116 - Stored detection for EAHCI_2518.jpg: Class 0, BBox (0.780729, 0.597656, 0.228125, 0.203125), Confidence 0.586305
2025-02-03 15:32:45,116 - Stored detection for EAHCI_2519.jpg: Class 27, BBox (0.621759, 0.681481, 0.0731481, 0.12963), Confidence 0.277028
2025-02-03 15:32:45,131 - Stored detection for EAHCI_2519.jpg: Class 0, BBox (0.649537, 0.893519, 0.037963, 0.0944444), Confidence 0.28776
2025-02-03 15:32:45,132 - Stored detection for EAHCI_2519.jpg: Class 0, BBox (0.542593, 0.877315, 0.0277778, 0.0527778), Confidence 0.312233
2025-02-03 15:32:45,132 - Stored detection for EAHCI_2519.jpg: Class 0, BBox (0.62037, 0.680556, 0.0722222, 0.12963), Confidence 0.385919
2025-02-03 15:32:45,133 - Stored detection for EAHCI_2519.jpg: Class 0, BBox (0.664352, 0.893056, 0.0416667, 0.100926), Confidence 0.564815
2025-02-03 15:32:45,134 - Stored detection for EAHCI_2519.jpg: Class 0, BBox (0.687963, 0.898148, 0.0740741, 0.1), Confidence 0.652828
2025-02-03 15:32:45,134 - Stored detection for EAHCI_2519.jpg: Class 0, BBox (0.621759, 0.893519, 0.0361111, 0.0962963), Confidence 0.661716
2025-02-03 15:32:45,135 - Stored detection for EAHCI_2519.jpg: Class 0, BBox (0.581481, 0.889815, 0.0555556, 0.105556), Confidence 0.666272
2025-02-03 15:32:45,136 - Stored detection for EAHCI_2520.jpg: Class 0, BBox (0.564844, 0.545549, 0.74375, 0.828157), Confidence 0.835684
2025-02-03 15:32:45,136 - Stored detection for EAHCI_2520.jpg: Class 27, BBox (0.533984, 0.787267, 0.108594, 0.303313), Confidence 0.915831
2025-02-03 15:32:45,137 - Stored detection for EAHCI_2521.jpg: Class 0, BBox (0.518056, 0.166667, 0.132407, 0.327778), Confidence 0.298497
2025-02-03 15:32:45,137 - Stored detection for EAHCI_2521.jpg: Class 0, BBox (0.0625, 0.207639, 0.115741, 0.276389), Confidence 0.300873
2025-02-03 15:32:45,138 - Stored detection for EAHCI_2521.jpg: Class 0, BBox (0.61713, 0.238889, 0.130556, 0.444444), Confidence 0.331192
2025-02-03 15:32:45,138 - Stored detection for EAHCI_2521.jpg: Class 0, BBox (0.0351852, 0.932639, 0.0685185, 0.131944), Confidence 0.368238
2025-02-03 15:32:45,138 - Stored detection for EAHCI_2521.jpg: Class 0, BBox (0.0509259, 0.335417, 0.101852, 0.354167), Confidence 0.374048
2025-02-03 15:32:45,138 - Stored detection for EAHCI_2521.jpg: Class 0, BBox (0.834259, 0.893056, 0.264815, 0.208333), Confidence 0.521202
2025-02-03 15:32:45,138 - Stored detection for EAHCI_2521.jpg: Class 0, BBox (0.714352, 0.473611, 0.167593, 0.466667), Confidence 0.537291
2025-02-03 15:32:45,138 - Stored detection for EAHCI_2521.jpg: Class 0, BBox (0.2, 0.336806, 0.177778, 0.351389), Confidence 0.542675
2025-02-03 15:32:45,138 - Stored detection for EAHCI_2521.jpg: Class 0, BBox (0.0583333, 0.798611, 0.116667, 0.383333), Confidence 0.549142
2025-02-03 15:32:45,138 - Stored detection for EAHCI_2521.jpg: Class 0, BBox (0.194907, 0.923611, 0.130556, 0.15), Confidence 0.579769
2025-02-03 15:32:45,138 - Stored detection for EAHCI_2521.jpg: Class 0, BBox (0.859722, 0.531944, 0.113889, 0.322222), Confidence 0.590886
2025-02-03 15:32:45,138 - Stored detection for EAHCI_2521.jpg: Class 0, BBox (0.922685, 0.759722, 0.147222, 0.427778), Confidence 0.617987
2025-02-03 15:32:45,138 - Stored detection for EAHCI_2521.jpg: Class 0, BBox (0.384259, 0.327083, 0.155556, 0.420833), Confidence 0.638784
2025-02-03 15:32:45,138 - Stored detection for EAHCI_2521.jpg: Class 0, BBox (0.431019, 0.566667, 0.191667, 0.488889), Confidence 0.65421
2025-02-03 15:32:45,138 - Stored detection for EAHCI_2521.jpg: Class 0, BBox (0.110185, 0.572222, 0.212963, 0.472222), Confidence 0.722369
2025-02-03 15:32:45,138 - Stored detection for EAHCI_2521.jpg: Class 0, BBox (0.530093, 0.713194, 0.250926, 0.534722), Confidence 0.763933
2025-02-03 15:32:45,138 - Stored detection for EAHCI_2521.jpg: Class 0, BBox (0.766667, 0.74375, 0.257407, 0.454167), Confidence 0.799804
2025-02-03 15:32:45,148 - Stored detection for EAHCI_2521.jpg: Class 0, BBox (0.266204, 0.784028, 0.276852, 0.398611), Confidence 0.83118
2025-02-03 15:32:45,149 - Stored detection for EAHCI_2522.jpg: Class 0, BBox (0.3125, 0.503472, 0.0787037, 0.184722), Confidence 0.275127
2025-02-03 15:32:45,149 - Stored detection for EAHCI_2522.jpg: Class 0, BBox (0.226852, 0.511806, 0.0888889, 0.2125), Confidence 0.275289
2025-02-03 15:32:45,150 - Stored detection for EAHCI_2522.jpg: Class 0, BBox (0.608333, 0.505556, 0.0777778, 0.216667), Confidence 0.300905
2025-02-03 15:32:45,151 - Stored detection for EAHCI_2522.jpg: Class 26, BBox (0.625, 0.702778, 0.0555556, 0.0972222), Confidence 0.308311
2025-02-03 15:32:45,151 - Stored detection for EAHCI_2522.jpg: Class 35, BBox (0.624537, 0.702778, 0.0564815, 0.0972222), Confidence 0.323027
2025-02-03 15:32:45,151 - Stored detection for EAHCI_2522.jpg: Class 0, BBox (0.864815, 0.503472, 0.0666667, 0.165278), Confidence 0.336654
2025-02-03 15:32:45,151 - Stored detection for EAHCI_2522.jpg: Class 0, BBox (0.557407, 0.758333, 0.105556, 0.430556), Confidence 0.365882
2025-02-03 15:32:45,151 - Stored detection for EAHCI_2522.jpg: Class 0, BBox (0.543056, 0.494444, 0.0731481, 0.2), Confidence 0.366935
2025-02-03 15:32:45,151 - Stored detection for EAHCI_2522.jpg: Class 0, BBox (0.134722, 0.759722, 0.136111, 0.480556), Confidence 0.385841
2025-02-03 15:32:45,151 - Stored detection for EAHCI_2522.jpg: Class 26, BBox (0.660648, 0.697222, 0.087963, 0.105556), Confidence 0.404325
2025-02-03 15:32:45,151 - Stored detection for EAHCI_2522.jpg: Class 0, BBox (0.646759, 0.725694, 0.123148, 0.404167), Confidence 0.437016
2025-02-03 15:32:45,151 - Stored detection for EAHCI_2522.jpg: Class 0, BBox (0.134259, 0.519444, 0.122222, 0.25), Confidence 0.442838
2025-02-03 15:32:45,151 - Stored detection for EAHCI_2522.jpg: Class 35, BBox (0.488889, 0.756944, 0.05, 0.0583333), Confidence 0.442919
2025-02-03 15:32:45,151 - Stored detection for EAHCI_2522.jpg: Class 0, BBox (0.470833, 0.511111, 0.0787037, 0.191667), Confidence 0.460426
2025-02-03 15:32:45,151 - Stored detection for EAHCI_2522.jpg: Class 0, BBox (0.737963, 0.684722, 0.0925926, 0.355556), Confidence 0.513314
2025-02-03 15:32:45,151 - Stored detection for EAHCI_2522.jpg: Class 0, BBox (0.8125, 0.678472, 0.117593, 0.334722), Confidence 0.637534
2025-02-03 15:32:45,151 - Stored detection for EAHCI_2522.jpg: Class 0, BBox (0.476852, 0.757639, 0.161111, 0.465278), Confidence 0.672892
2025-02-03 15:32:45,151 - Stored detection for EAHCI_2522.jpg: Class 0, BBox (0.0768519, 0.735417, 0.151852, 0.518056), Confidence 0.683614
2025-02-03 15:32:45,151 - Stored detection for EAHCI_2522.jpg: Class 0, BBox (0.358333, 0.758333, 0.133333, 0.466667), Confidence 0.735813
2025-02-03 15:32:45,151 - Stored detection for EAHCI_2522.jpg: Class 0, BBox (0.242593, 0.75625, 0.140741, 0.481944), Confidence 0.811821
2025-02-03 15:32:45,151 - Stored detection for EAHCI_2522.jpg: Class 0, BBox (0.921296, 0.738194, 0.155556, 0.5125), Confidence 0.816173
2025-02-03 15:32:45,151 - Stored detection for EAHCI_2523.jpg: Class 73, BBox (0.164352, 0.840278, 0.0861111, 0.0583333), Confidence 0.371665
2025-02-03 15:32:45,151 - Stored detection for EAHCI_2523.jpg: Class 0, BBox (0.828704, 0.241204, 0.32963, 0.473148), Confidence 0.48424
2025-02-03 15:32:45,151 - Stored detection for EAHCI_2523.jpg: Class 0, BBox (0.409722, 0.84537, 0.121296, 0.307407), Confidence 0.49424
2025-02-03 15:32:45,151 - Stored detection for EAHCI_2523.jpg: Class 0, BBox (0.315278, 0.8375, 0.112037, 0.325), Confidence 0.821995
2025-02-03 15:32:45,151 - Stored detection for EAHCI_2523.jpg: Class 0, BBox (0.183796, 0.802778, 0.163889, 0.392593), Confidence 0.878879
2025-02-03 15:32:45,151 - Stored detection for EAHCI_2523.jpg: Class 0, BBox (0.0587963, 0.797222, 0.115741, 0.401852), Confidence 0.910941
2025-02-03 15:32:45,151 - Stored detection for EAHCI_2525.jpg: Class 0, BBox (0.785648, 0.271296, 0.30463, 0.337037), Confidence 0.316974
2025-02-03 15:32:45,151 - Stored detection for EAHCI_2525.jpg: Class 0, BBox (0.733333, 0.576852, 0.37963, 0.596296), Confidence 0.387933
2025-02-03 15:32:45,166 - Stored detection for EAHCI_2526.jpg: Class 76, BBox (0.57037, 0.572685, 0.296296, 0.212037), Confidence 0.268979
2025-02-03 15:32:45,166 - Stored detection for EAHCI_2527.jpg: Class 0, BBox (0.714815, 0.671296, 0.0518519, 0.153704), Confidence 0.306087
2025-02-03 15:32:45,166 - Stored detection for EAHCI_2527.jpg: Class 0, BBox (0.588426, 0.673148, 0.0416667, 0.172222), Confidence 0.320844
2025-02-03 15:32:45,166 - Stored detection for EAHCI_2527.jpg: Class 0, BBox (0.540278, 0.674537, 0.0527778, 0.173148), Confidence 0.330038
2025-02-03 15:32:45,166 - Stored detection for EAHCI_2527.jpg: Class 0, BBox (0.670833, 0.675926, 0.0546296, 0.166667), Confidence 0.379439
2025-02-03 15:32:45,166 - Stored detection for EAHCI_2527.jpg: Class 25, BBox (0.108796, 0.0810185, 0.213889, 0.158333), Confidence 0.437724
2025-02-03 15:32:45,166 - Stored detection for EAHCI_2527.jpg: Class 0, BBox (0.631481, 0.668519, 0.0481481, 0.183333), Confidence 0.450029
2025-02-03 15:32:45,166 - Stored detection for EAHCI_2527.jpg: Class 0, BBox (0.484722, 0.673611, 0.0527778, 0.175), Confidence 0.478737
2025-02-03 15:32:45,166 - Stored detection for EAHCI_2527.jpg: Class 0, BBox (0.719444, 0.88287, 0.0481481, 0.199074), Confidence 0.516527
2025-02-03 15:32:45,166 - Stored detection for EAHCI_2527.jpg: Class 0, BBox (0.678241, 0.882407, 0.062037, 0.198148), Confidence 0.599338
2025-02-03 15:32:45,166 - Stored detection for EAHCI_2527.jpg: Class 0, BBox (0.762037, 0.878704, 0.0592593, 0.216667), Confidence 0.650278
2025-02-03 15:32:45,166 - Stored detection for EAHCI_2527.jpg: Class 0, BBox (0.936111, 0.882407, 0.0796296, 0.216667), Confidence 0.716785
2025-02-03 15:32:45,166 - Stored detection for EAHCI_2527.jpg: Class 0, BBox (0.227315, 0.337037, 0.45463, 0.427778), Confidence 0.765435
2025-02-03 15:32:45,166 - Stored detection for EAHCI_2527.jpg: Class 0, BBox (0.881481, 0.890278, 0.062963, 0.213889), Confidence 0.780592
2025-02-03 15:32:45,166 - Stored detection for EAHCI_2527.jpg: Class 0, BBox (0.818981, 0.880093, 0.0731481, 0.223148), Confidence 0.821156
2025-02-03 15:32:45,166 - Stored detection for EAHCI_2528.jpg: Class 26, BBox (0.722685, 0.805093, 0.0601852, 0.0564815), Confidence 0.281066
2025-02-03 15:32:45,166 - Stored detection for EAHCI_2528.jpg: Class 62, BBox (0.854167, 0.28287, 0.162037, 0.15463), Confidence 0.317189
2025-02-03 15:32:45,166 - Stored detection for EAHCI_2528.jpg: Class 0, BBox (0.609259, 0.811574, 0.0444444, 0.350926), Confidence 0.322005
2025-02-03 15:32:45,166 - Stored detection for EAHCI_2528.jpg: Class 0, BBox (0.77037, 0.312037, 0.161111, 0.142593), Confidence 0.334575
2025-02-03 15:32:45,166 - Stored detection for EAHCI_2528.jpg: Class 0, BBox (0.315741, 0.622685, 0.0648148, 0.0675926), Confidence 0.358965
2025-02-03 15:32:45,166 - Stored detection for EAHCI_2528.jpg: Class 33, BBox (0.316667, 0.623148, 0.0666667, 0.0666667), Confidence 0.44625
2025-02-03 15:32:45,166 - Stored detection for EAHCI_2528.jpg: Class 63, BBox (0.852315, 0.283333, 0.156481, 0.157407), Confidence 0.609758
2025-02-03 15:32:45,166 - Stored detection for EAHCI_2528.jpg: Class 0, BBox (0.723611, 0.814352, 0.0916667, 0.349074), Confidence 0.609911
2025-02-03 15:32:45,166 - Stored detection for EAHCI_2528.jpg: Class 0, BBox (0.846296, 0.418981, 0.307407, 0.256481), Confidence 0.70738
2025-02-03 15:32:45,166 - Stored detection for EAHCI_2528.jpg: Class 0, BBox (0.807407, 0.807407, 0.0981481, 0.364815), Confidence 0.743359
2025-02-03 15:32:45,166 - Stored detection for EAHCI_2528.jpg: Class 0, BBox (0.639352, 0.817593, 0.0935185, 0.340741), Confidence 0.770806
2025-02-03 15:32:45,166 - Stored detection for EAHCI_2528.jpg: Class 0, BBox (0.962037, 0.823611, 0.0759259, 0.347222), Confidence 0.771518
2025-02-03 15:32:45,166 - Stored detection for EAHCI_2528.jpg: Class 0, BBox (0.890278, 0.813426, 0.106481, 0.334259), Confidence 0.792587
2025-02-03 15:32:45,181 - Stored detection for EAHCI_2533.jpg: Class 54, BBox (0.512963, 0.324074, 0.0759259, 0.0740741), Confidence 0.263299
2025-02-03 15:32:45,181 - Stored detection for EAHCI_2533.jpg: Class 79, BBox (0.839352, 0.31713, 0.310185, 0.35463), Confidence 0.270611
2025-02-03 15:32:45,182 - Stored detection for EAHCI_2533.jpg: Class 67, BBox (0.881019, 0.386111, 0.0675926, 0.0574074), Confidence 0.30208
2025-02-03 15:32:45,182 - Stored detection for EAHCI_2533.jpg: Class 0, BBox (0.836574, 0.318056, 0.302778, 0.363889), Confidence 0.377915
2025-02-03 15:32:45,182 - Stored detection for EAHCI_2533.jpg: Class 0, BBox (0.516204, 0.314815, 0.75463, 0.396296), Confidence 0.528495
2025-02-03 15:32:45,182 - Stored detection for EAHCI_2534.jpg: Class 76, BBox (0.57037, 0.572685, 0.296296, 0.212037), Confidence 0.268979
2025-02-03 15:32:45,182 - Stored detection for EAHCI_2537.jpg: Class 65, BBox (0.7875, 0.778704, 0.397222, 0.411111), Confidence 0.253546
2025-02-03 15:32:45,182 - Stored detection for EAHCI_2538.jpg: Class 0, BBox (0.77963, 0.484259, 0.381481, 0.787037), Confidence 0.557622
2025-02-03 15:32:45,182 - Stored detection for EAHCI_2539.jpg: Class 41, BBox (0.357854, 0.441016, 0.120575, 0.110156), Confidence 0.308058
2025-02-03 15:32:45,182 - Stored detection for EAHCI_2539.jpg: Class 0, BBox (0.683628, 0.877734, 0.170354, 0.136719), Confidence 0.425743
2025-02-03 15:32:45,182 - Stored detection for EAHCI_2539.jpg: Class 66, BBox (0.871681, 0.913672, 0.154867, 0.0664062), Confidence 0.61731
2025-02-03 15:32:45,182 - Stored detection for EAHCI_2539.jpg: Class 62, BBox (0.931416, 0.779297, 0.134956, 0.139844), Confidence 0.806902
2025-02-03 15:32:45,182 - Stored detection for EAHCI_2542.jpg: Class 0, BBox (0.566667, 0.68287, 0.037037, 0.169444), Confidence 0.262406
2025-02-03 15:32:45,182 - Stored detection for EAHCI_2542.jpg: Class 0, BBox (0.604167, 0.681944, 0.0509259, 0.173148), Confidence 0.304803
2025-02-03 15:32:45,182 - Stored detection for EAHCI_2542.jpg: Class 0, BBox (0.679167, 0.675926, 0.0435185, 0.175926), Confidence 0.348144
2025-02-03 15:32:45,182 - Stored detection for EAHCI_2542.jpg: Class 0, BBox (0.718056, 0.677315, 0.0546296, 0.162037), Confidence 0.36338
2025-02-03 15:32:45,182 - Stored detection for EAHCI_2542.jpg: Class 0, BBox (0.6375, 0.680556, 0.0453704, 0.172222), Confidence 0.368285
2025-02-03 15:32:45,182 - Stored detection for EAHCI_2542.jpg: Class 25, BBox (0.108796, 0.0810185, 0.213889, 0.158333), Confidence 0.438756
2025-02-03 15:32:45,182 - Stored detection for EAHCI_2542.jpg: Class 37, BBox (0.95787, 0.975926, 0.0824074, 0.0462963), Confidence 0.446996
2025-02-03 15:32:45,182 - Stored detection for EAHCI_2542.jpg: Class 0, BBox (0.749074, 0.881944, 0.05, 0.200926), Confidence 0.483406
2025-02-03 15:32:45,182 - Stored detection for EAHCI_2542.jpg: Class 0, BBox (0.533796, 0.681019, 0.0546296, 0.173148), Confidence 0.501978
2025-02-03 15:32:45,182 - Stored detection for EAHCI_2542.jpg: Class 0, BBox (0.706944, 0.884259, 0.0564815, 0.198148), Confidence 0.580843
2025-02-03 15:32:45,182 - Stored detection for EAHCI_2542.jpg: Class 0, BBox (0.790741, 0.876852, 0.0592593, 0.216667), Confidence 0.618522
2025-02-03 15:32:45,182 - Stored detection for EAHCI_2542.jpg: Class 0, BBox (0.9625, 0.877778, 0.075, 0.205556), Confidence 0.715053
2025-02-03 15:32:45,182 - Stored detection for EAHCI_2542.jpg: Class 0, BBox (0.227315, 0.3375, 0.45463, 0.430556), Confidence 0.745788
2025-02-03 15:32:45,182 - Stored detection for EAHCI_2542.jpg: Class 0, BBox (0.909722, 0.890278, 0.0675926, 0.212037), Confidence 0.793283
2025-02-03 15:32:45,182 - Stored detection for EAHCI_2542.jpg: Class 0, BBox (0.848611, 0.881019, 0.0712963, 0.221296), Confidence 0.804595
2025-02-03 15:32:45,182 - Stored detection for EAHCI_2545.jpg: Class 0, BBox (0.689712, 0.592969, 0.277655, 0.207813), Confidence 0.51034
2025-02-03 15:32:45,182 - Stored detection for EAHCI_2545.jpg: Class 0, BBox (0.798119, 0.802734, 0.403761, 0.386719), Confidence 0.652361
2025-02-03 15:32:45,182 - Stored detection for EAHCI_2549.jpg: Class 65, BBox (0.787963, 0.778704, 0.398148, 0.411111), Confidence 0.253829
2025-02-03 15:32:45,182 - Stored detection for EAHCI_2551.jpg: Class 0, BBox (0.855093, 0.488426, 0.289815, 0.562037), Confidence 0.620511
2025-02-03 15:32:45,198 - Stored detection for EAHCI_2552.jpg: Class 0, BBox (0.771759, 0.320833, 0.165741, 0.162037), Confidence 0.253467
2025-02-03 15:32:45,199 - Stored detection for EAHCI_2552.jpg: Class 0, BBox (0.722685, 0.80787, 0.0657407, 0.175), Confidence 0.259844
2025-02-03 15:32:45,199 - Stored detection for EAHCI_2552.jpg: Class 0, BBox (0.695833, 0.802778, 0.0657407, 0.331481), Confidence 0.276785
2025-02-03 15:32:45,199 - Stored detection for EAHCI_2552.jpg: Class 0, BBox (0.609722, 0.8125, 0.0453704, 0.350926), Confidence 0.298285
2025-02-03 15:32:45,199 - Stored detection for EAHCI_2552.jpg: Class 26, BBox (0.723611, 0.80463, 0.0601852, 0.0574074), Confidence 0.302632
2025-02-03 15:32:45,199 - Stored detection for EAHCI_2552.jpg: Class 62, BBox (0.853704, 0.28287, 0.162963, 0.15463), Confidence 0.324827
2025-02-03 15:32:45,199 - Stored detection for EAHCI_2552.jpg: Class 63, BBox (0.852315, 0.283333, 0.156481, 0.157407), Confidence 0.57745
2025-02-03 15:32:45,199 - Stored detection for EAHCI_2552.jpg: Class 0, BBox (0.724537, 0.814815, 0.0898148, 0.348148), Confidence 0.584793
2025-02-03 15:32:45,199 - Stored detection for EAHCI_2552.jpg: Class 0, BBox (0.846759, 0.418056, 0.306481, 0.258333), Confidence 0.691133
2025-02-03 15:32:45,199 - Stored detection for EAHCI_2552.jpg: Class 0, BBox (0.808796, 0.80787, 0.0972222, 0.362037), Confidence 0.73699
2025-02-03 15:32:45,199 - Stored detection for EAHCI_2552.jpg: Class 0, BBox (0.961111, 0.823611, 0.0777778, 0.347222), Confidence 0.775748
2025-02-03 15:32:45,199 - Stored detection for EAHCI_2552.jpg: Class 0, BBox (0.639815, 0.81713, 0.0944444, 0.341667), Confidence 0.776712
2025-02-03 15:32:45,199 - Stored detection for EAHCI_2552.jpg: Class 0, BBox (0.891204, 0.813426, 0.10463, 0.332407), Confidence 0.788885
2025-02-03 15:32:45,199 - Stored detection for EAHCI_2553.jpg: Class 0, BBox (0.738889, 0.695833, 0.5, 0.608333), Confidence 0.378771
2025-02-03 15:32:45,199 - Stored detection for EAHCI_2556.jpg: Class 0, BBox (0.769907, 0.271296, 0.162037, 0.142593), Confidence 0.307657
2025-02-03 15:32:45,199 - Stored detection for EAHCI_2556.jpg: Class 26, BBox (0.712037, 0.799074, 0.0592593, 0.0592593), Confidence 0.317843
2025-02-03 15:32:45,199 - Stored detection for EAHCI_2556.jpg: Class 0, BBox (0.598148, 0.809259, 0.0462963, 0.344444), Confidence 0.356925
2025-02-03 15:32:45,199 - Stored detection for EAHCI_2556.jpg: Class 0, BBox (0.726389, 0.812037, 0.100926, 0.344444), Confidence 0.441898
2025-02-03 15:32:45,199 - Stored detection for EAHCI_2556.jpg: Class 0, BBox (0.352778, 0.606944, 0.0685185, 0.0712963), Confidence 0.464982
2025-02-03 15:32:45,199 - Stored detection for EAHCI_2556.jpg: Class 0, BBox (0.688889, 0.809259, 0.0944444, 0.35), Confidence 0.471523
2025-02-03 15:32:45,199 - Stored detection for EAHCI_2556.jpg: Class 63, BBox (0.852778, 0.24213, 0.159259, 0.156481), Confidence 0.592714
2025-02-03 15:32:45,199 - Stored detection for EAHCI_2556.jpg: Class 0, BBox (0.842593, 0.377778, 0.311111, 0.259259), Confidence 0.609587
2025-02-03 15:32:45,199 - Stored detection for EAHCI_2556.jpg: Class 0, BBox (0.794907, 0.806944, 0.0935185, 0.35463), Confidence 0.709711
2025-02-03 15:32:45,199 - Stored detection for EAHCI_2556.jpg: Class 0, BBox (0.626389, 0.813426, 0.0953704, 0.34537), Confidence 0.73932
2025-02-03 15:32:45,199 - Stored detection for EAHCI_2556.jpg: Class 0, BBox (0.957407, 0.82037, 0.0833333, 0.337037), Confidence 0.739921
2025-02-03 15:32:45,199 - Stored detection for EAHCI_2556.jpg: Class 0, BBox (0.883333, 0.810185, 0.103704, 0.338889), Confidence 0.756932
2025-02-03 15:32:45,199 - Stored detection for EAHCI_2558.jpg: Class 54, BBox (0.5125, 0.324537, 0.075, 0.0731481), Confidence 0.25777
2025-02-03 15:32:45,199 - Stored detection for EAHCI_2558.jpg: Class 67, BBox (0.881019, 0.386111, 0.0675926, 0.0574074), Confidence 0.286924
2025-02-03 15:32:45,199 - Stored detection for EAHCI_2558.jpg: Class 0, BBox (0.827315, 0.315741, 0.326852, 0.37037), Confidence 0.417884
2025-02-03 15:32:45,199 - Stored detection for EAHCI_2558.jpg: Class 0, BBox (0.515741, 0.315278, 0.764815, 0.397222), Confidence 0.534891
2025-02-03 15:32:45,215 - Stored detection for EAHCI_2562.jpg: Class 76, BBox (0.57037, 0.569907, 0.301852, 0.215741), Confidence 0.387773
2025-02-03 15:32:45,215 - Stored detection for EAHCI_2563.jpg: Class 62, BBox (0.187845, 0.55, 0.358011, 0.225), Confidence 0.36616
2025-02-03 15:32:45,216 - Stored detection for EAHCI_2563.jpg: Class 0, BBox (0.848066, 0.05625, 0.124862, 0.110937), Confidence 0.680683
2025-02-03 15:32:45,216 - Stored detection for EAHCI_2563.jpg: Class 0, BBox (0.849724, 0.212109, 0.123757, 0.122656), Confidence 0.680736
2025-02-03 15:32:45,216 - Stored detection for EAHCI_2563.jpg: Class 0, BBox (0.274586, 0.674219, 0.253039, 0.325), Confidence 0.690614
2025-02-03 15:32:45,216 - Stored detection for EAHCI_2565.jpg: Class 0, BBox (0.315819, 0.274609, 0.620575, 0.430469), Confidence 0.517649
2025-02-03 15:32:45,216 - Stored detection for EAHCI_2566.jpg: Class 0, BBox (0.775039, 0.718432, 0.234206, 0.490566), Confidence 0.343202
2025-02-03 15:32:45,216 - Stored detection for EAHCI_2566.jpg: Class 18, BBox (0.933744, 0.606676, 0.132512, 0.400581), Confidence 0.445394
2025-02-03 15:32:45,216 - Stored detection for EAHCI_2566.jpg: Class 18, BBox (0.959938, 0.796081, 0.0801233, 0.117562), Confidence 0.478025
2025-02-03 15:32:45,216 - Stored detection for EAHCI_2566.jpg: Class 18, BBox (0.552388, 0.672714, 0.235747, 0.198839), Confidence 0.628338
2025-02-03 15:32:45,216 - Stored detection for EAHCI_2566.jpg: Class 18, BBox (0.88906, 0.760522, 0.117103, 0.191582), Confidence 0.769016
2025-02-03 15:32:45,216 - Stored detection for EAHCI_2566.jpg: Class 18, BBox (0.274268, 0.805515, 0.160247, 0.16836), Confidence 0.851016
2025-02-03 15:32:45,216 - Stored detection for EAHCI_2566.jpg: Class 18, BBox (0.464561, 0.875907, 0.180277, 0.166909), Confidence 0.865514
2025-02-03 15:32:45,216 - Stored detection for EAHCI_2567.jpg: Class 0, BBox (0.315265, 0.275, 0.619469, 0.43125), Confidence 0.521795
2025-02-03 15:32:45,216 - Stored detection for EAHCI_2568.jpg: Class 0, BBox (0.209392, 0.373828, 0.116022, 0.111719), Confidence 0.721201
2025-02-03 15:32:45,216 - Stored detection for EAHCI_2568.jpg: Class 67, BBox (0.465746, 0.469922, 0.283978, 0.278906), Confidence 0.757521
2025-02-03 15:32:45,216 - Stored detection for EAHCI_2568.jpg: Class 0, BBox (0.21105, 0.520703, 0.112707, 0.111719), Confidence 0.768109
2025-02-03 15:32:45,216 - Stored detection for EAHCI_2570.jpg: Class 0, BBox (0.77963, 0.483796, 0.381481, 0.784259), Confidence 0.544912
2025-02-03 15:32:45,216 - Stored detection for EAHCI_2571.jpg: Class 54, BBox (0.5125, 0.324537, 0.075, 0.0731481), Confidence 0.25777
2025-02-03 15:32:45,216 - Stored detection for EAHCI_2571.jpg: Class 67, BBox (0.881019, 0.386111, 0.0675926, 0.0574074), Confidence 0.286924
2025-02-03 15:32:45,216 - Stored detection for EAHCI_2571.jpg: Class 0, BBox (0.827315, 0.315741, 0.326852, 0.37037), Confidence 0.417884
2025-02-03 15:32:45,216 - Stored detection for EAHCI_2571.jpg: Class 0, BBox (0.515741, 0.315278, 0.764815, 0.397222), Confidence 0.534891
2025-02-03 15:32:45,216 - Stored detection for EAHCI_2576.jpg: Class 76, BBox (0.568519, 0.57037, 0.298148, 0.214815), Confidence 0.395947
2025-02-03 15:32:45,216 - Stored detection for EAHCI_2577.jpg: Class 26, BBox (0.712037, 0.799074, 0.0592593, 0.0592593), Confidence 0.320291
2025-02-03 15:32:45,216 - Stored detection for EAHCI_2577.jpg: Class 0, BBox (0.77037, 0.272222, 0.161111, 0.142593), Confidence 0.333455
2025-02-03 15:32:45,216 - Stored detection for EAHCI_2577.jpg: Class 0, BBox (0.599074, 0.808796, 0.0462963, 0.343519), Confidence 0.350978
2025-02-03 15:32:45,216 - Stored detection for EAHCI_2577.jpg: Class 0, BBox (0.726389, 0.8125, 0.100926, 0.343519), Confidence 0.443442
2025-02-03 15:32:45,216 - Stored detection for EAHCI_2577.jpg: Class 0, BBox (0.689352, 0.809259, 0.0935185, 0.35), Confidence 0.474472
2025-02-03 15:32:45,216 - Stored detection for EAHCI_2577.jpg: Class 63, BBox (0.852778, 0.24213, 0.159259, 0.156481), Confidence 0.579661
2025-02-03 15:32:45,231 - Stored detection for EAHCI_2577.jpg: Class 0, BBox (0.843056, 0.377778, 0.310185, 0.259259), Confidence 0.604573
2025-02-03 15:32:45,232 - Stored detection for EAHCI_2577.jpg: Class 0, BBox (0.794444, 0.806944, 0.0944444, 0.35463), Confidence 0.714408
2025-02-03 15:32:45,232 - Stored detection for EAHCI_2577.jpg: Class 0, BBox (0.957407, 0.82037, 0.0833333, 0.337037), Confidence 0.739512
2025-02-03 15:32:45,232 - Stored detection for EAHCI_2577.jpg: Class 0, BBox (0.626389, 0.812963, 0.0953704, 0.344444), Confidence 0.746217
2025-02-03 15:32:45,232 - Stored detection for EAHCI_2577.jpg: Class 0, BBox (0.883333, 0.810185, 0.103704, 0.338889), Confidence 0.756887
2025-02-03 15:32:45,232 - Stored detection for EAHCI_2579.jpg: Class 0, BBox (0.238426, 0.366204, 0.243519, 0.536111), Confidence 0.3458
2025-02-03 15:32:45,232 - Stored detection for EAHCI_2579.jpg: Class 0, BBox (0.0865741, 0.375926, 0.171296, 0.559259), Confidence 0.404628
2025-02-03 15:32:45,232 - Stored detection for EAHCI_2580.jpg: Class 0, BBox (0.883333, 0.928395, 0.230556, 0.138272), Confidence 0.255825
2025-02-03 15:32:45,232 - Stored detection for EAHCI_2580.jpg: Class 0, BBox (0.288194, 0.551852, 0.0430556, 0.190123), Confidence 0.265163
2025-02-03 15:32:45,232 - Stored detection for EAHCI_2580.jpg: Class 25, BBox (0.241667, 0.427161, 0.0388889, 0.0345679), Confidence 0.2661
2025-02-03 15:32:45,232 - Stored detection for EAHCI_2580.jpg: Class 25, BBox (0.347222, 0.390123, 0.0833333, 0.0888889), Confidence 0.272277
2025-02-03 15:32:45,232 - Stored detection for EAHCI_2580.jpg: Class 0, BBox (0.613889, 0.617284, 0.0555556, 0.345679), Confidence 0.277726
2025-02-03 15:32:45,232 - Stored detection for EAHCI_2580.jpg: Class 25, BBox (0.935417, 0.34321, 0.129167, 0.0790123), Confidence 0.302921
2025-02-03 15:32:45,232 - Stored detection for EAHCI_2580.jpg: Class 0, BBox (0.541667, 0.506173, 0.025, 0.128395), Confidence 0.334536
2025-02-03 15:32:45,232 - Stored detection for EAHCI_2580.jpg: Class 0, BBox (0.804167, 0.469136, 0.0527778, 0.138272), Confidence 0.341196
2025-02-03 15:32:45,232 - Stored detection for EAHCI_2580.jpg: Class 25, BBox (0.581944, 0.345679, 0.15, 0.133333), Confidence 0.342117
2025-02-03 15:32:45,232 - Stored detection for EAHCI_2580.jpg: Class 25, BBox (0.177778, 0.44321, 0.0583333, 0.037037), Confidence 0.385924
2025-02-03 15:32:45,232 - Stored detection for EAHCI_2580.jpg: Class 25, BBox (0.290972, 0.422222, 0.0513889, 0.0444444), Confidence 0.386849
2025-02-03 15:32:45,232 - Stored detection for EAHCI_2580.jpg: Class 0, BBox (0.138889, 0.623457, 0.0638889, 0.254321), Confidence 0.421828
2025-02-03 15:32:45,232 - Stored detection for EAHCI_2580.jpg: Class 0, BBox (0.452083, 0.575309, 0.0375, 0.212346), Confidence 0.528695
2025-02-03 15:32:45,232 - Stored detection for EAHCI_2580.jpg: Class 25, BBox (0.548611, 0.397531, 0.0638889, 0.0641975), Confidence 0.551645
2025-02-03 15:32:45,232 - Stored detection for EAHCI_2580.jpg: Class 0, BBox (0.198611, 0.638272, 0.0694444, 0.34321), Confidence 0.582928
2025-02-03 15:32:45,232 - Stored detection for EAHCI_2580.jpg: Class 0, BBox (0.507639, 0.54321, 0.0458333, 0.182716), Confidence 0.651082
2025-02-03 15:32:45,232 - Stored detection for EAHCI_2580.jpg: Class 0, BBox (0.715972, 0.762963, 0.154167, 0.474074), Confidence 0.663107
2025-02-03 15:32:45,232 - Stored detection for EAHCI_2580.jpg: Class 0, BBox (0.08125, 0.697531, 0.1625, 0.575309), Confidence 0.759427
2025-02-03 15:32:45,232 - Stored detection for EAHCI_2580.jpg: Class 0, BBox (0.890278, 0.520988, 0.0944444, 0.316049), Confidence 0.797179
2025-02-03 15:32:45,232 - Stored detection for EAHCI_2583.jpg: Class 0, BBox (0.828704, 0.598178, 0.194444, 0.295547), Confidence 0.390722
2025-02-03 15:32:45,232 - Stored detection for EAHCI_2585.jpg: Class 0, BBox (0.365741, 0.6, 0.0703704, 0.0740741), Confidence 0.281671
2025-02-03 15:32:45,232 - Stored detection for EAHCI_2585.jpg: Class 26, BBox (0.712037, 0.799537, 0.0592593, 0.0583333), Confidence 0.326119
2025-02-03 15:32:45,232 - Stored detection for EAHCI_2585.jpg: Class 0, BBox (0.598611, 0.807407, 0.0453704, 0.342593), Confidence 0.330006
2025-02-03 15:32:45,247 - Stored detection for EAHCI_2585.jpg: Class 0, BBox (0.726389, 0.812037, 0.100926, 0.342593), Confidence 0.459882
2025-02-03 15:32:45,247 - Stored detection for EAHCI_2585.jpg: Class 0, BBox (0.686574, 0.809259, 0.0972222, 0.35), Confidence 0.475728
2025-02-03 15:32:45,248 - Stored detection for EAHCI_2585.jpg: Class 63, BBox (0.853241, 0.241667, 0.158333, 0.157407), Confidence 0.574221
2025-02-03 15:32:45,250 - Stored detection for EAHCI_2585.jpg: Class 0, BBox (0.84213, 0.377315, 0.312037, 0.260185), Confidence 0.650281
2025-02-03 15:32:45,251 - Stored detection for EAHCI_2585.jpg: Class 0, BBox (0.794444, 0.806481, 0.0944444, 0.353704), Confidence 0.718161
2025-02-03 15:32:45,251 - Stored detection for EAHCI_2585.jpg: Class 0, BBox (0.957407, 0.82037, 0.0833333, 0.337037), Confidence 0.739689
2025-02-03 15:32:45,251 - Stored detection for EAHCI_2585.jpg: Class 0, BBox (0.883333, 0.810185, 0.103704, 0.338889), Confidence 0.758883
2025-02-03 15:32:45,252 - Stored detection for EAHCI_2585.jpg: Class 0, BBox (0.627315, 0.812963, 0.0953704, 0.344444), Confidence 0.760314
2025-02-03 15:32:45,252 - Stored detection for EAHCI_2587.jpg: Class 0, BBox (0.209392, 0.373828, 0.116022, 0.111719), Confidence 0.709255
2025-02-03 15:32:45,253 - Stored detection for EAHCI_2587.jpg: Class 67, BBox (0.465746, 0.469141, 0.283978, 0.278906), Confidence 0.7581
2025-02-03 15:32:45,253 - Stored detection for EAHCI_2587.jpg: Class 0, BBox (0.21105, 0.521094, 0.112707, 0.110937), Confidence 0.7683
2025-02-03 15:32:45,254 - Stored detection for EAHCI_2590.jpg: Class 27, BBox (0.622222, 0.688889, 0.0407407, 0.0944444), Confidence 0.261384
2025-02-03 15:32:45,254 - Stored detection for EAHCI_2590.jpg: Class 27, BBox (0.622222, 0.681481, 0.0722222, 0.127778), Confidence 0.294288
2025-02-03 15:32:45,254 - Stored detection for EAHCI_2590.jpg: Class 0, BBox (0.649074, 0.893056, 0.0388889, 0.0953704), Confidence 0.310238
2025-02-03 15:32:45,254 - Stored detection for EAHCI_2590.jpg: Class 27, BBox (0.628704, 0.6875, 0.012963, 0.0268519), Confidence 0.330742
2025-02-03 15:32:45,254 - Stored detection for EAHCI_2590.jpg: Class 0, BBox (0.54213, 0.875926, 0.0268519, 0.0518519), Confidence 0.332002
2025-02-03 15:32:45,254 - Stored detection for EAHCI_2590.jpg: Class 0, BBox (0.62037, 0.67963, 0.0722222, 0.127778), Confidence 0.351306
2025-02-03 15:32:45,254 - Stored detection for EAHCI_2590.jpg: Class 0, BBox (0.664815, 0.893056, 0.0425926, 0.100926), Confidence 0.568572
2025-02-03 15:32:45,254 - Stored detection for EAHCI_2590.jpg: Class 0, BBox (0.687963, 0.898148, 0.0740741, 0.1), Confidence 0.657907
2025-02-03 15:32:45,254 - Stored detection for EAHCI_2590.jpg: Class 0, BBox (0.622222, 0.893056, 0.0351852, 0.0953704), Confidence 0.668269
2025-02-03 15:32:45,254 - Stored detection for EAHCI_2590.jpg: Class 0, BBox (0.581019, 0.890278, 0.0546296, 0.10463), Confidence 0.67293
2025-02-03 15:32:45,254 - Stored detection for EAHCI_2591.jpg: Class 66, BBox (0.871681, 0.914062, 0.154867, 0.0671875), Confidence 0.581165
2025-02-03 15:32:45,254 - Stored detection for EAHCI_2591.jpg: Class 62, BBox (0.931416, 0.779688, 0.134956, 0.140625), Confidence 0.806805
2025-02-03 15:32:45,254 - Stored detection for EAHCI_2593.jpg: Class 0, BBox (0.209945, 0.374219, 0.117127, 0.110937), Confidence 0.700203
2025-02-03 15:32:45,254 - Stored detection for EAHCI_2593.jpg: Class 67, BBox (0.466298, 0.468359, 0.287293, 0.277344), Confidence 0.711581
2025-02-03 15:32:45,254 - Stored detection for EAHCI_2593.jpg: Class 0, BBox (0.211602, 0.520703, 0.113812, 0.111719), Confidence 0.763368
2025-02-03 15:32:45,254 - Stored detection for EAHCI_2597.jpg: Class 26, BBox (0.712037, 0.799074, 0.0592593, 0.0592593), Confidence 0.326685
2025-02-03 15:32:45,254 - Stored detection for EAHCI_2597.jpg: Class 0, BBox (0.77037, 0.272222, 0.161111, 0.142593), Confidence 0.334899
2025-02-03 15:32:45,254 - Stored detection for EAHCI_2597.jpg: Class 0, BBox (0.599074, 0.808796, 0.0462963, 0.343519), Confidence 0.360243
2025-02-03 15:32:45,254 - Stored detection for EAHCI_2597.jpg: Class 0, BBox (0.726389, 0.812037, 0.100926, 0.344444), Confidence 0.445322
2025-02-03 15:32:45,254 - Stored detection for EAHCI_2597.jpg: Class 0, BBox (0.688889, 0.809259, 0.0944444, 0.35), Confidence 0.476524
2025-02-03 15:32:45,265 - Stored detection for EAHCI_2597.jpg: Class 63, BBox (0.852778, 0.24213, 0.159259, 0.156481), Confidence 0.578495
2025-02-03 15:32:45,266 - Stored detection for EAHCI_2597.jpg: Class 0, BBox (0.843056, 0.377778, 0.310185, 0.259259), Confidence 0.603601
2025-02-03 15:32:45,266 - Stored detection for EAHCI_2597.jpg: Class 0, BBox (0.794444, 0.806944, 0.0944444, 0.35463), Confidence 0.714499
2025-02-03 15:32:45,266 - Stored detection for EAHCI_2597.jpg: Class 0, BBox (0.957407, 0.82037, 0.0833333, 0.337037), Confidence 0.739565
2025-02-03 15:32:45,266 - Stored detection for EAHCI_2597.jpg: Class 0, BBox (0.626389, 0.812963, 0.0953704, 0.344444), Confidence 0.749389
2025-02-03 15:32:45,266 - Stored detection for EAHCI_2597.jpg: Class 0, BBox (0.883333, 0.810185, 0.103704, 0.338889), Confidence 0.756651
2025-02-03 15:32:45,266 - Stored detection for EAHCI_2600.jpg: Class 0, BBox (0.780556, 0.48287, 0.37963, 0.782407), Confidence 0.530027
2025-02-03 15:32:45,266 - Stored detection for EAHCI_2601.jpg: Class 0, BBox (0.791797, 0.306261, 0.0632813, 0.189509), Confidence 0.29117
2025-02-03 15:32:45,266 - Stored detection for EAHCI_2601.jpg: Class 73, BBox (0.566016, 0.704738, 0.0976562, 0.150592), Confidence 0.358334
2025-02-03 15:32:45,266 - Stored detection for EAHCI_2601.jpg: Class 0, BBox (0.804688, 0.362944, 0.090625, 0.309645), Confidence 0.488912
2025-02-03 15:32:45,266 - Stored detection for EAHCI_2601.jpg: Class 0, BBox (0.283594, 0.581218, 0.165625, 0.824027), Confidence 0.555526
2025-02-03 15:32:45,266 - Stored detection for EAHCI_2601.jpg: Class 0, BBox (0.409375, 0.277496, 0.05, 0.169205), Confidence 0.646425
2025-02-03 15:32:45,266 - Stored detection for EAHCI_2601.jpg: Class 0, BBox (0.647656, 0.369712, 0.0921875, 0.302876), Confidence 0.686015
2025-02-03 15:32:45,266 - Stored detection for EAHCI_2601.jpg: Class 0, BBox (0.2125, 0.560914, 0.109375, 0.854484), Confidence 0.702827
2025-02-03 15:32:45,266 - Stored detection for EAHCI_2601.jpg: Class 0, BBox (0.689844, 0.29357, 0.0578125, 0.238579), Confidence 0.706729
2025-02-03 15:32:45,266 - Stored detection for EAHCI_2601.jpg: Class 0, BBox (0.573047, 0.631134, 0.153906, 0.734349), Confidence 0.794839
2025-02-03 15:32:45,266 - Stored detection for EAHCI_2601.jpg: Class 0, BBox (0.736328, 0.616751, 0.188281, 0.766497), Confidence 0.838836
2025-02-03 15:32:45,266 - Stored detection for EAHCI_2601.jpg: Class 0, BBox (0.364453, 0.581218, 0.105469, 0.820643), Confidence 0.846906
2025-02-03 15:32:45,266 - Stored detection for EAHCI_2601.jpg: Class 0, BBox (0.896094, 0.639594, 0.1875, 0.71066), Confidence 0.902492
2025-02-03 15:32:45,266 - Stored detection for EAHCI_2601.jpg: Class 0, BBox (0.101953, 0.532995, 0.200781, 0.93401), Confidence 0.910749
2025-02-03 15:32:45,266 - Stored detection for EAHCI_2601.jpg: Class 0, BBox (0.475, 0.554146, 0.146875, 0.881557), Confidence 0.914317
2025-02-03 15:32:45,266 - Stored detection for EAHCI_2602.jpg: Class 0, BBox (0.752778, 0.35787, 0.488889, 0.569444), Confidence 0.627217
2025-02-03 15:32:45,266 - Stored detection for EAHCI_2603.jpg: Class 76, BBox (0.568981, 0.570833, 0.299074, 0.213889), Confidence 0.397159
2025-02-03 15:32:45,266 - Stored detection for lobelia4cosmetics_15101.jpg: Class 75, BBox (0.502, 0.544, 0.328, 0.872), Confidence 0.292411
2025-02-03 15:32:45,266 - Stored detection for lobelia4cosmetics_15103.jpg: Class 0, BBox (0.628225, 0.590234, 0.240031, 0.299219), Confidence 0.861932
2025-02-03 15:32:45,266 - Stored detection for lobelia4cosmetics_15107.jpg: Class 39, BBox (0.614062, 0.575391, 0.248437, 0.733594), Confidence 0.486599
2025-02-03 15:32:45,266 - Stored detection for lobelia4cosmetics_15108.jpg: Class 39, BBox (0.374609, 0.557031, 0.247656, 0.7625), Confidence 0.33296
2025-02-03 15:32:45,266 - Stored detection for lobelia4cosmetics_15109.jpg: Class 0, BBox (0.662598, 0.688477, 0.170898, 0.4375), Confidence 0.330363
2025-02-03 15:32:45,281 - Stored detection for lobelia4cosmetics_15109.jpg: Class 73, BBox (0.506348, 0.943359, 0.516602, 0.105469), Confidence 0.575717
2025-02-03 15:32:45,283 - Stored detection for lobelia4cosmetics_15114.jpg: Class 39, BBox (0.628516, 0.549609, 0.194531, 0.455469), Confidence 0.362377
2025-02-03 15:32:45,283 - Stored detection for lobelia4cosmetics_15114.jpg: Class 75, BBox (0.114844, 0.749219, 0.107813, 0.323438), Confidence 0.771508
2025-02-03 15:32:45,283 - Stored detection for lobelia4cosmetics_15116.jpg: Class 28, BBox (0.284375, 0.590625, 0.10625, 0.49375), Confidence 0.274276
2025-02-03 15:32:45,283 - Stored detection for lobelia4cosmetics_15116.jpg: Class 61, BBox (0.179688, 0.632812, 0.140625, 0.371875), Confidence 0.350603
2025-02-03 15:32:45,283 - Stored detection for lobelia4cosmetics_15116.jpg: Class 61, BBox (0.126563, 0.635938, 0.109375, 0.334375), Confidence 0.473945
2025-02-03 15:32:45,283 - Stored detection for lobelia4cosmetics_15116.jpg: Class 39, BBox (0.882812, 0.626562, 0.121875, 0.353125), Confidence 0.52017
2025-02-03 15:32:45,283 - Stored detection for lobelia4cosmetics_15116.jpg: Class 39, BBox (0.717188, 0.610937, 0.128125, 0.484375), Confidence 0.582703
2025-02-03 15:32:45,283 - Stored detection for lobelia4cosmetics_15116.jpg: Class 39, BBox (0.8, 0.617188, 0.11875, 0.409375), Confidence 0.642987
2025-02-03 15:32:45,283 - Stored detection for lobelia4cosmetics_15116.jpg: Class 39, BBox (0.503125, 0.575, 0.3625, 0.6125), Confidence 0.70398
2025-02-03 15:32:45,283 - Stored detection for lobelia4cosmetics_15119.jpg: Class 39, BBox (0.497917, 0.47625, 0.420833, 0.9075), Confidence 0.302835
2025-02-03 15:32:45,283 - Stored detection for lobelia4cosmetics_15121.jpg: Class 49, BBox (0.0789063, 0.528906, 0.05, 0.126563), Confidence 0.296467
2025-02-03 15:32:45,283 - Stored detection for lobelia4cosmetics_15121.jpg: Class 47, BBox (0.329688, 0.657812, 0.05625, 0.134375), Confidence 0.317703
2025-02-03 15:32:45,283 - Stored detection for lobelia4cosmetics_15121.jpg: Class 49, BBox (0.277344, 0.576953, 0.0515625, 0.0929687), Confidence 0.35296
2025-02-03 15:32:45,283 - Stored detection for lobelia4cosmetics_15121.jpg: Class 47, BBox (0.834766, 0.572656, 0.114844, 0.104687), Confidence 0.360423
2025-02-03 15:32:45,283 - Stored detection for lobelia4cosmetics_15121.jpg: Class 49, BBox (0.329297, 0.667578, 0.0539063, 0.119531), Confidence 0.388854
2025-02-03 15:32:45,283 - Stored detection for lobelia4cosmetics_15121.jpg: Class 47, BBox (0.256641, 0.550781, 0.0835937, 0.107813), Confidence 0.401158
2025-02-03 15:32:45,283 - Stored detection for lobelia4cosmetics_15121.jpg: Class 47, BBox (0.278125, 0.574609, 0.05, 0.0945313), Confidence 0.448015
2025-02-03 15:32:45,283 - Stored detection for lobelia4cosmetics_15121.jpg: Class 49, BBox (0.710938, 0.580859, 0.0734375, 0.0898438), Confidence 0.508991
2025-02-03 15:32:45,283 - Stored detection for lobelia4cosmetics_15121.jpg: Class 49, BBox (0.417969, 0.721484, 0.114063, 0.100781), Confidence 0.545961
2025-02-03 15:32:45,283 - Stored detection for lobelia4cosmetics_15121.jpg: Class 47, BBox (0.566016, 0.716406, 0.108594, 0.109375), Confidence 0.593478
2025-02-03 15:32:45,283 - Stored detection for lobelia4cosmetics_15121.jpg: Class 49, BBox (0.162109, 0.58125, 0.105469, 0.09375), Confidence 0.651067
2025-02-03 15:32:45,283 - Stored detection for lobelia4cosmetics_15124.jpg: Class 47, BBox (0.58935, 0.237365, 0.0812274, 0.0631769), Confidence 0.270616
2025-02-03 15:32:45,283 - Stored detection for lobelia4cosmetics_15124.jpg: Class 47, BBox (0.331227, 0.240072, 0.0848375, 0.0541516), Confidence 0.307676
2025-02-03 15:32:45,283 - Stored detection for lobelia4cosmetics_15124.jpg: Class 49, BBox (0.420578, 0.233755, 0.0974729, 0.0631769), Confidence 0.350895
2025-02-03 15:32:45,283 - Stored detection for lobelia4cosmetics_15124.jpg: Class 49, BBox (0.65704, 0.23556, 0.0722022, 0.0631769), Confidence 0.536243
2025-02-03 15:32:45,283 - Stored detection for lobelia4cosmetics_15126.jpg: Class 39, BBox (0.497917, 0.47625, 0.420833, 0.9075), Confidence 0.302835
2025-02-03 15:32:45,283 - Stored detection for lobelia4cosmetics_15132.jpg: Class 0, BBox (0.716667, 0.313889, 0.233333, 0.372222), Confidence 0.812305
2025-02-03 15:32:45,283 - Stored detection for lobelia4cosmetics_15137.jpg: Class 29, BBox (0.9175, 0.67451, 0.119, 0.075817), Confidence 0.48787
2025-02-03 15:32:45,298 - Stored detection for lobelia4cosmetics_15138.jpg: Class 32, BBox (0.891111, 0.626667, 0.0977778, 0.0533333), Confidence 0.257345
2025-02-03 15:32:45,299 - Stored detection for lobelia4cosmetics_15140.jpg: Class 65, BBox (0.778, 0.936, 0.164, 0.09), Confidence 0.288357
2025-02-03 15:32:45,299 - Stored detection for lobelia4cosmetics_15140.jpg: Class 67, BBox (0.781, 0.9355, 0.166, 0.089), Confidence 0.322235
2025-02-03 15:32:45,299 - Stored detection for lobelia4cosmetics_15141.jpg: Class 65, BBox (0.7805, 0.9325, 0.163, 0.089), Confidence 0.331642
2025-02-03 15:32:45,299 - Stored detection for lobelia4cosmetics_15141.jpg: Class 67, BBox (0.7805, 0.933, 0.165, 0.09), Confidence 0.444123
2025-02-03 15:32:45,299 - Stored detection for lobelia4cosmetics_15146.jpg: Class 39, BBox (0.272165, 0.494462, 0.412371, 0.925633), Confidence 0.785467
2025-02-03 15:32:45,299 - Stored detection for lobelia4cosmetics_15146.jpg: Class 39, BBox (0.725773, 0.5, 0.408247, 0.939873), Confidence 0.800685
2025-02-03 15:32:45,299 - Stored detection for lobelia4cosmetics_15149.jpg: Class 39, BBox (0.474093, 0.505625, 0.454231, 0.94375), Confidence 0.410454
2025-02-03 15:32:45,299 - Stored detection for lobelia4cosmetics_15150.jpg: Class 39, BBox (0.745605, 0.62207, 0.258789, 0.630859), Confidence 0.54482
2025-02-03 15:32:45,299 - Stored detection for lobelia4cosmetics_15150.jpg: Class 39, BBox (0.560547, 0.625, 0.0957031, 0.529297), Confidence 0.703029
2025-02-03 15:32:45,299 - Stored detection for lobelia4cosmetics_15151.jpg: Class 39, BBox (0.700188, 0.620301, 0.110902, 0.552632), Confidence 0.469023
2025-02-03 15:32:45,299 - Stored detection for lobelia4cosmetics_15152.jpg: Class 39, BBox (0.299375, 0.555625, 0.23875, 0.83625), Confidence 0.295852
2025-02-03 15:32:45,299 - Stored detection for lobelia4cosmetics_15152.jpg: Class 39, BBox (0.770625, 0.58625, 0.09125, 0.5425), Confidence 0.355243
2025-02-03 15:32:45,299 - Stored detection for lobelia4cosmetics_15153.jpg: Class 39, BBox (0.668125, 0.625, 0.26125, 0.705), Confidence 0.370263
2025-02-03 15:32:45,299 - Stored detection for lobelia4cosmetics_15155.jpg: Class 73, BBox (0.491495, 0.475515, 0.287113, 0.919072), Confidence 0.40657
2025-02-03 15:32:45,299 - Stored detection for lobelia4cosmetics_15156.jpg: Class 42, BBox (0.730833, 0.753333, 0.203333, 0.18), Confidence 0.258616
2025-02-03 15:32:45,299 - Stored detection for lobelia4cosmetics_15156.jpg: Class 54, BBox (0.55375, 0.850833, 0.0808333, 0.095), Confidence 0.312812
2025-02-03 15:32:45,299 - Stored detection for lobelia4cosmetics_15156.jpg: Class 54, BBox (0.37375, 0.808333, 0.0725, 0.0766667), Confidence 0.39035
2025-02-03 15:32:45,299 - Stored detection for lobelia4cosmetics_15156.jpg: Class 74, BBox (0.48875, 0.389583, 0.4825, 0.4875), Confidence 0.653354
2025-02-03 15:32:45,299 - Stored detection for lobelia4cosmetics_15157.jpg: Class 54, BBox (0.495909, 0.645909, 0.0736364, 0.0627273), Confidence 0.268656
2025-02-03 15:32:45,299 - Stored detection for lobelia4cosmetics_15157.jpg: Class 46, BBox (0.798636, 0.434091, 0.0809091, 0.09), Confidence 0.321508
2025-02-03 15:32:45,299 - Stored detection for lobelia4cosmetics_15165.jpg: Class 0, BBox (0.560547, 0.738281, 0.0585938, 0.146484), Confidence 0.301429
2025-02-03 15:32:45,299 - Stored detection for lobelia4cosmetics_15165.jpg: Class 0, BBox (0.550781, 0.714844, 0.0371094, 0.113281), Confidence 0.397497
2025-02-03 15:32:45,299 - Stored detection for lobelia4cosmetics_15165.jpg: Class 39, BBox (0.648438, 0.568848, 0.246094, 0.538086), Confidence 0.55293
2025-02-03 15:32:45,299 - Stored detection for lobelia4cosmetics_15165.jpg: Class 0, BBox (0.581543, 0.753418, 0.0712891, 0.129883), Confidence 0.580514
2025-02-03 15:32:45,314 - Stored detection for lobelia4cosmetics_15165.jpg: Class 0, BBox (0.472656, 0.684082, 0.105469, 0.295898), Confidence 0.585273
2025-02-03 15:32:45,314 - Stored detection for lobelia4cosmetics_15165.jpg: Class 0, BBox (0.623535, 0.727051, 0.0732422, 0.137695), Confidence 0.647013
2025-02-03 15:32:45,315 - Stored detection for lobelia4cosmetics_15165.jpg: Class 0, BBox (0.391113, 0.633301, 0.0986328, 0.178711), Confidence 0.783029
2025-02-03 15:32:45,316 - Stored detection for lobelia4cosmetics_15165.jpg: Class 0, BBox (0.30127, 0.658691, 0.133789, 0.143555), Confidence 0.837817
2025-02-03 15:32:45,316 - Stored detection for lobelia4cosmetics_15167.jpg: Class 39, BBox (0.374609, 0.557031, 0.247656, 0.7625), Confidence 0.33296
2025-02-03 15:32:45,316 - Stored detection for lobelia4cosmetics_15168.jpg: Class 0, BBox (0.467553, 0.517969, 0.259578, 0.376563), Confidence 0.892511
2025-02-03 15:32:45,316 - Stored detection for lobelia4cosmetics_15171.jpg: Class 39, BBox (0.614062, 0.575391, 0.248437, 0.733594), Confidence 0.486599
2025-02-03 15:32:45,316 - Stored detection for lobelia4cosmetics_15176.jpg: Class 39, BBox (0.477619, 0.483333, 0.37619, 0.717143), Confidence 0.446347
2025-02-03 15:32:45,316 - Stored detection for lobelia4cosmetics_15181.jpg: Class 47, BBox (0.58935, 0.237365, 0.0812274, 0.0631769), Confidence 0.270616
2025-02-03 15:32:45,316 - Stored detection for lobelia4cosmetics_15181.jpg: Class 47, BBox (0.331227, 0.240072, 0.0848375, 0.0541516), Confidence 0.307676
2025-02-03 15:32:45,316 - Stored detection for lobelia4cosmetics_15181.jpg: Class 49, BBox (0.420578, 0.233755, 0.0974729, 0.0631769), Confidence 0.350895
2025-02-03 15:32:45,316 - Stored detection for lobelia4cosmetics_15181.jpg: Class 49, BBox (0.65704, 0.23556, 0.0722022, 0.0631769), Confidence 0.536243
2025-02-03 15:32:45,316 - Stored detection for lobelia4cosmetics_15185.jpg: Class 0, BBox (0.662598, 0.688477, 0.170898, 0.4375), Confidence 0.330363
2025-02-03 15:32:45,316 - Stored detection for lobelia4cosmetics_15185.jpg: Class 73, BBox (0.506348, 0.943359, 0.516602, 0.105469), Confidence 0.575717
2025-02-03 15:32:45,316 - Stored detection for lobelia4cosmetics_15186.jpg: Class 39, BBox (0.497917, 0.47625, 0.420833, 0.9075), Confidence 0.302835
2025-02-03 15:32:45,316 - Stored detection for lobelia4cosmetics_15188.jpg: Class 41, BBox (0.314286, 0.79, 0.217143, 0.174286), Confidence 0.742454
2025-02-03 15:32:45,316 - Stored detection for lobelia4cosmetics_15192.jpg: Class 0, BBox (0.716667, 0.313889, 0.233333, 0.372222), Confidence 0.812305
2025-02-03 15:32:45,316 - Stored detection for lobelia4cosmetics_15195.jpg: Class 47, BBox (0.58935, 0.237365, 0.0812274, 0.0631769), Confidence 0.270616
2025-02-03 15:32:45,316 - Stored detection for lobelia4cosmetics_15195.jpg: Class 47, BBox (0.331227, 0.240072, 0.0848375, 0.0541516), Confidence 0.307676
2025-02-03 15:32:45,316 - Stored detection for lobelia4cosmetics_15195.jpg: Class 49, BBox (0.420578, 0.233755, 0.0974729, 0.0631769), Confidence 0.350895
2025-02-03 15:32:45,316 - Stored detection for lobelia4cosmetics_15195.jpg: Class 49, BBox (0.65704, 0.23556, 0.0722022, 0.0631769), Confidence 0.536243
2025-02-03 15:32:45,316 - Stored detection for lobelia4cosmetics_15198.jpg: Class 39, BBox (0.513, 0.5595, 0.392, 0.727), Confidence 0.681484
2025-02-03 15:32:45,316 - Stored detection for yetenaweg_1146.jpg: Class 14, BBox (0.639453, 0.755859, 0.197656, 0.183594), Confidence 0.266992
2025-02-03 15:32:45,316 - Stored detection for yetenaweg_1151.jpg: Class 0, BBox (0.366406, 0.554297, 0.392188, 0.592969), Confidence 0.265789
2025-02-03 15:32:45,316 - Stored detection for yetenaweg_1157.jpg: Class 54, BBox (0.141905, 0.384375, 0.260952, 0.30125), Confidence 0.386461
2025-02-03 15:32:45,316 - Stored detection for yetenaweg_1157.jpg: Class 0, BBox (0.908571, 0.41375, 0.167619, 0.2575), Confidence 0.387723
2025-02-03 15:32:45,316 - Stored detection for yetenaweg_1157.jpg: Class 0, BBox (0.479048, 0.66, 0.958095, 0.2075), Confidence 0.395647
2025-02-03 15:32:45,316 - Stored detection for yetenaweg_1157.jpg: Class 40, BBox (0.629524, 0.8825, 0.245714, 0.2025), Confidence 0.472868
2025-02-03 15:32:45,331 - Stored detection for yetenaweg_1157.jpg: Class 15, BBox (0.769524, 0.11625, 0.441905, 0.215), Confidence 0.569691
2025-02-03 15:32:45,332 - Stored detection for yetenaweg_1157.jpg: Class 15, BBox (0.251429, 0.116875, 0.453333, 0.21375), Confidence 0.579163
2025-02-03 15:32:45,333 - Stored detection for yetenaweg_1159.jpg: Class 73, BBox (0.41875, 0.57, 0.3825, 0.075), Confidence 0.272061
2025-02-03 15:32:45,334 - Stored detection for yetenaweg_1159.jpg: Class 28, BBox (0.74, 0.40375, 0.3075, 0.3875), Confidence 0.842825
2025-02-03 15:32:45,335 - Stored detection for yetenaweg_1177.jpg: Class 0, BBox (0.099537, 0.665278, 0.0583333, 0.0768519), Confidence 0.377346
2025-02-03 15:32:45,336 - Stored detection for yetenaweg_1183.jpg: Class 14, BBox (0.414815, 0.437037, 0.0833333, 0.116667), Confidence 0.327042
2025-02-03 15:32:45,337 - Stored detection for yetenaweg_1183.jpg: Class 14, BBox (0.475, 0.243056, 0.125926, 0.0787037), Confidence 0.673235
2025-02-03 15:32:45,338 - Stored detection for yetenaweg_1184.jpg: Class 14, BBox (0.464352, 0.3125, 0.125, 0.0787037), Confidence 0.261382
2025-02-03 15:32:45,339 - Stored detection for yetenaweg_1184.jpg: Class 14, BBox (0.155093, 0.208796, 0.0824074, 0.112037), Confidence 0.354317
2025-02-03 15:32:45,340 - Stored detection for yetenaweg_1185.jpg: Class 43, BBox (0.343056, 0.482659, 0.0972222, 0.420039), Confidence 0.303326
2025-02-03 15:32:45,341 - Stored detection for yetenaweg_1185.jpg: Class 45, BBox (0.0157407, 0.328035, 0.0296296, 0.197495), Confidence 0.357596
2025-02-03 15:32:45,341 - Stored detection for yetenaweg_1185.jpg: Class 67, BBox (0.533796, 0.494701, 0.189815, 0.365125), Confidence 0.522036
2025-02-03 15:32:45,341 - Stored detection for yetenaweg_1185.jpg: Class 45, BBox (0.935185, 0.30973, 0.127778, 0.318882), Confidence 0.548831
2025-02-03 15:32:45,341 - Stored detection for yetenaweg_1185.jpg: Class 39, BBox (0.750463, 0.348748, 0.112037, 0.267823), Confidence 0.60947
2025-02-03 15:32:45,341 - Stored detection for yetenaweg_1185.jpg: Class 39, BBox (0.218981, 0.151734, 0.187963, 0.303468), Confidence 0.724079
2025-02-03 15:32:45,341 - Stored detection for yetenaweg_1185.jpg: Class 45, BBox (0.812037, 0.0987476, 0.331481, 0.197495), Confidence 0.785304
2025-02-03 15:32:45,341 - Stored detection for yetenaweg_1185.jpg: Class 50, BBox (0.96713, 0.863198, 0.0657407, 0.258189), Confidence 0.786072
2025-02-03 15:32:45,341 - Stored detection for yetenaweg_1185.jpg: Class 45, BBox (0.935648, 0.63632, 0.126852, 0.232177), Confidence 0.792359
2025-02-03 15:32:45,341 - Stored detection for yetenaweg_1185.jpg: Class 50, BBox (0.464352, 0.136802, 0.330556, 0.271676), Confidence 0.83996
2025-02-03 15:32:45,341 - Stored detection for yetenaweg_1196.jpg: Class 33, BBox (0.1175, 0.280864, 0.025, 0.0555556), Confidence 0.26126
2025-02-03 15:32:45,341 - Stored detection for yetenaweg_1196.jpg: Class 14, BBox (0.545625, 0.699074, 0.02625, 0.058642), Confidence 0.272498
2025-02-03 15:32:45,341 - Stored detection for yetenaweg_1196.jpg: Class 14, BBox (0.584375, 0.783951, 0.01875, 0.0555556), Confidence 0.278523
2025-02-03 15:32:45,341 - Stored detection for yetenaweg_1196.jpg: Class 29, BBox (0.063125, 0.0570988, 0.02625, 0.0339506), Confidence 0.280704
2025-02-03 15:32:45,341 - Stored detection for yetenaweg_1196.jpg: Class 0, BBox (0.594375, 0.881173, 0.09375, 0.145062), Confidence 0.349035
2025-02-03 15:32:45,341 - Stored detection for yetenaweg_1196.jpg: Class 0, BBox (0.88625, 0.339506, 0.1475, 0.166667), Confidence 0.368292
2025-02-03 15:32:45,348 - Stored detection for yetenaweg_1196.jpg: Class 36, BBox (0.6975, 0.410494, 0.1025, 0.0925926), Confidence 0.432822
2025-02-03 15:32:45,349 - Stored detection for yetenaweg_1196.jpg: Class 0, BBox (0.329375, 0.83179, 0.04125, 0.237654), Confidence 0.638163
2025-02-03 15:32:45,350 - Stored detection for yetenaweg_1196.jpg: Class 0, BBox (0.896875, 0.791667, 0.19875, 0.330247), Confidence 0.676531
2025-02-03 15:32:45,350 - Stored detection for yetenaweg_1196.jpg: Class 0, BBox (0.733125, 0.839506, 0.05375, 0.191358), Confidence 0.71181
2025-02-03 15:32:45,351 - Stored detection for yetenaweg_1196.jpg: Class 0, BBox (0.718125, 0.325617, 0.13125, 0.274691), Confidence 0.719167
2025-02-03 15:32:45,351 - Stored detection for yetenaweg_1196.jpg: Class 0, BBox (0.68125, 0.796296, 0.0225, 0.271605), Confidence 0.747141
2025-02-03 15:32:45,352 - Stored detection for yetenaweg_1196.jpg: Class 0, BBox (0.066875, 0.285494, 0.04875, 0.503086), Confidence 0.755901
2025-02-03 15:32:45,352 - Stored detection for yetenaweg_1196.jpg: Class 0, BBox (0.130625, 0.800926, 0.07375, 0.317901), Confidence 0.770562
2025-02-03 15:32:45,353 - Stored detection for yetenaweg_1196.jpg: Class 0, BBox (0.24125, 0.819444, 0.065, 0.280864), Confidence 0.800465
2025-02-03 15:32:45,353 - Stored detection for yetenaweg_1196.jpg: Class 0, BBox (0.053125, 0.794753, 0.04125, 0.299383), Confidence 0.859287
2025-02-03 15:32:45,353 - Stored detection for yetenaweg_1196.jpg: Class 0, BBox (0.535, 0.299383, 0.0675, 0.425926), Confidence 0.896228
2025-02-03 15:32:45,353 - Stored detection for yetenaweg_1196.jpg: Class 0, BBox (0.40625, 0.313272, 0.1025, 0.429012), Confidence 0.898453
2025-02-03 15:32:45,353 - Stored detection for yetenaweg_1196.jpg: Class 0, BBox (0.265, 0.305556, 0.09, 0.475309), Confidence 0.91202
2025-02-03 15:32:45,353 - Stored detection for yetenaweg_1197.jpg: Class 51, BBox (0.688555, 0.566135, 0.106942, 0.0628518), Confidence 0.263949
2025-02-03 15:32:45,353 - Stored detection for yetenaweg_1197.jpg: Class 50, BBox (0.414634, 0.293621, 0.120075, 0.0619137), Confidence 0.2988
2025-02-03 15:32:45,353 - Stored detection for yetenaweg_1197.jpg: Class 49, BBox (0.656191, 0.417917, 0.0497186, 0.0553471), Confidence 0.313824
2025-02-03 15:32:45,353 - Stored detection for yetenaweg_1197.jpg: Class 48, BBox (0.581144, 0.66182, 0.0966229, 0.0703565), Confidence 0.417271
2025-02-03 15:32:45,353 - Stored detection for yetenaweg_1197.jpg: Class 49, BBox (0.558161, 0.16182, 0.054409, 0.0666041), Confidence 0.46225
2025-02-03 15:32:45,353 - Stored detection for yetenaweg_1197.jpg: Class 51, BBox (0.558161, 0.162289, 0.0525328, 0.065666), Confidence 0.495146
2025-02-03 15:32:45,353 - Stored detection for yetenaweg_1197.jpg: Class 51, BBox (0.340056, 0.463415, 0.0609756, 0.0450281), Confidence 0.516517
2025-02-03 15:32:45,353 - Stored detection for yetenaweg_1197.jpg: Class 50, BBox (0.407129, 0.178705, 0.108818, 0.087242), Confidence 0.713995
2025-02-03 15:32:45,353 - Stored detection for yetenaweg_1197.jpg: Class 51, BBox (0.744371, 0.263133, 0.0966229, 0.0684803), Confidence 0.792007
2025-02-03 15:32:45,353 - Stored detection for yetenaweg_1198.jpg: Class 37, BBox (0.508917, 0.770703, 0.53121, 0.457031), Confidence 0.369826
2025-02-03 15:32:45,353 - Stored detection for yetenaweg_1210.jpg: Class 0, BBox (0.091875, 0.100625, 0.06125, 0.05875), Confidence 0.634453
2025-02-03 15:32:45,353 - Stored detection for yetenaweg_1211.jpg: Class 0, BBox (0.091875, 0.100625, 0.06125, 0.05875), Confidence 0.733584
2025-02-03 15:32:45,353 - Stored detection for yetenaweg_1212.jpg: Class 0, BBox (0.091875, 0.100625, 0.06125, 0.05875), Confidence 0.72771
2025-02-03 15:32:45,353 - Stored detection for yetenaweg_1213.jpg: Class 0, BBox (0.091875, 0.100625, 0.06125, 0.05875), Confidence 0.687394
2025-02-03 15:32:45,365 - Stored detection for yetenaweg_1214.jpg: Class 0, BBox (0.091875, 0.100625, 0.06125, 0.05875), Confidence 0.724201
2025-02-03 15:32:45,366 - Stored detection for yetenaweg_1221.jpg: Class 33, BBox (0.355, 0.240625, 0.225, 0.32125), Confidence 0.254455
2025-02-03 15:32:45,367 - Stored detection for yetenaweg_1221.jpg: Class 33, BBox (0.514375, 0.161875, 0.18375, 0.19375), Confidence 0.256116
2025-02-03 15:32:45,367 - Stored detection for yetenaweg_1221.jpg: Class 33, BBox (0.65375, 0.208125, 0.2075, 0.27375), Confidence 0.415041
2025-02-03 15:32:45,369 - Stored detection for yetenaweg_1226.jpg: Class 74, BBox (0.90787, 0.904167, 0.184259, 0.191667), Confidence 0.382026
2025-02-03 15:32:45,369 - Stored detection for yetenaweg_1231.jpg: Class 0, BBox (0.141875, 0.683125, 0.27375, 0.62875), Confidence 0.614408
2025-02-03 15:32:45,369 - Stored detection for yetenaweg_1232.jpg: Class 0, BBox (0.679375, 0.744375, 0.18875, 0.50375), Confidence 0.538626
2025-02-03 15:32:45,369 - Stored detection for yetenaweg_1232.jpg: Class 0, BBox (0.5175, 0.703125, 0.21, 0.59125), Confidence 0.644693
2025-02-03 15:32:45,369 - Stored detection for yetenaweg_1232.jpg: Class 0, BBox (0.86, 0.729375, 0.205, 0.53625), Confidence 0.801469
2025-02-03 15:32:45,369 - Stored detection for yetenaweg_1238.jpg: Class 11, BBox (0.0958333, 0.880556, 0.189815, 0.235185), Confidence 0.325557
2025-02-03 15:32:45,369 - Stored detection for yetenaweg_1243.jpg: Class 9, BBox (0.558671, 0.908984, 0.0498442, 0.0382813), Confidence 0.409962
2025-02-03 15:32:45,369 - Stored detection for zidane.jpg: Class 27, BBox (0.782812, 0.506944, 0.0359375, 0.141667), Confidence 0.261517
2025-02-03 15:32:45,369 - Stored detection for zidane.jpg: Class 0, BBox (0.327344, 0.634028, 0.4625, 0.731944), Confidence 0.666693
2025-02-03 15:32:45,369 - Stored detection for zidane.jpg: Class 27, BBox (0.366797, 0.796528, 0.0429688, 0.379167), Confidence 0.675119
2025-02-03 15:32:45,369 - Stored detection for zidane.jpg: Class 0, BBox (0.736328, 0.533333, 0.311719, 0.933333), Confidence 0.879861
2025-02-03 15:32:45,369 - Detection processing completed.
